,0,1,2,3,4,5
0,"[10, 50]",0,1,0.5,10,0.888888888888889
1,"[10, 50]",0,1,0.8,10,0.888888888888889
2,"[10, 50]",0,1,0.9,10,0.875
3,"[100, 200]",0,1,0.5,10,0.823529411764706
4,"[100, 200]",0,1,0.8,10,0.823529411764706
5,"[100, 200]",0,1,0.9,10,0.823529411764706
6,"[50, 200]",0,1,0.5,10,0.6666666666666667
7,"[50, 200]",0,1,0.8,10,0.7000000000000001
8,"[50, 200]",0,1,0.9,10,0.7000000000000001
9,"[50, 10]",0,1,0.5,10,0.8421052631578948
10,"[50, 10]",0,1,0.8,10,0.823529411764706
11,"[50, 10]",0,1,0.9,10,0.823529411764706
12,"[50, 100]",0,1,0.5,10,0.7368421052631579
13,"[50, 100]",0,1,0.8,10,0.875
14,"[50, 100]",0,1,0.9,10,0.875
15,"[200, 10]",0,1,0.5,10,0.888888888888889
16,"[200, 10]",0,1,0.8,10,0.7142857142857143
17,"[200, 10]",0,1,0.9,10,0.7142857142857143
18,"[100, 10]",0,1,0.5,10,0.875
19,"[100, 10]",0,1,0.8,10,0.7999999999999999
20,"[100, 10]",0,1,0.9,10,0.7999999999999999
21,"[200, 100]",0,1,0.5,10,0.7692307692307693
22,"[200, 100]",0,1,0.8,10,0.7692307692307693
23,"[200, 100]",0,1,0.9,10,0.7692307692307693
24,"[10, 200]",0,1,0.5,10,0.7777777777777777
25,"[10, 200]",0,1,0.8,10,0.7777777777777777
26,"[10, 200]",0,1,0.9,10,0.7777777777777777
27,"[10, 100]",0,1,0.5,10,0.7999999999999999
28,"[10, 100]",0,1,0.8,10,0.7999999999999999
29,"[10, 100]",0,1,0.9,10,0.6666666666666666
30,"[200, 50]",0,1,0.5,10,0.823529411764706
31,"[200, 50]",0,1,0.8,10,0.875
32,"[200, 50]",0,1,0.9,10,0.875
33,"[100, 50]",0,1,0.5,10,0.7777777777777777
34,"[100, 50]",0,1,0.8,10,0.7999999999999999
35,"[100, 50]",0,1,0.9,10,0.8571428571428571
36,"[10, 50]",0,1,0.5,25,0.9411764705882353
37,"[10, 50]",0,1,0.8,25,0.9411764705882353
38,"[10, 50]",0,1,0.9,25,0.9411764705882353
39,"[100, 200]",0,1,0.5,25,0.7777777777777777
40,"[100, 200]",0,1,0.8,25,0.7777777777777777
41,"[100, 200]",0,1,0.9,25,0.7777777777777777
42,"[50, 200]",0,1,0.5,25,0.7999999999999999
43,"[50, 200]",0,1,0.8,25,0.7142857142857143
44,"[50, 200]",0,1,0.9,25,0.7142857142857143
45,"[50, 10]",0,1,0.5,25,0.823529411764706
46,"[50, 10]",0,1,0.8,25,0.823529411764706
47,"[50, 10]",0,1,0.9,25,0.823529411764706
48,"[50, 100]",0,1,0.5,25,0.7999999999999999
49,"[50, 100]",0,1,0.8,25,0.8571428571428571
50,"[50, 100]",0,1,0.9,25,0.8571428571428571
51,"[200, 10]",0,1,0.5,25,0.875
52,"[200, 10]",0,1,0.8,25,0.7999999999999999
53,"[200, 10]",0,1,0.9,25,0.7999999999999999
54,"[100, 10]",0,1,0.5,25,0.823529411764706
55,"[100, 10]",0,1,0.8,25,0.823529411764706
56,"[100, 10]",0,1,0.9,25,0.7999999999999999
57,"[200, 100]",0,1,0.5,25,0.7142857142857143
58,"[200, 100]",0,1,0.8,25,0.7142857142857143
59,"[200, 100]",0,1,0.9,25,0.7142857142857143
60,"[10, 200]",0,1,0.5,25,0.7142857142857143
61,"[10, 200]",0,1,0.8,25,0.7142857142857143
62,"[10, 200]",0,1,0.9,25,0.7142857142857143
63,"[10, 100]",0,1,0.5,25,0.7999999999999999
64,"[10, 100]",0,1,0.8,25,0.7999999999999999
65,"[10, 100]",0,1,0.9,25,0.7999999999999999
66,"[200, 50]",0,1,0.5,25,0.875
67,"[200, 50]",0,1,0.8,25,0.875
68,"[200, 50]",0,1,0.9,25,0.875
69,"[100, 50]",0,1,0.5,25,0.7368421052631579
70,"[100, 50]",0,1,0.8,25,0.7777777777777777
71,"[100, 50]",0,1,0.9,25,0.875
72,"[10, 50]",0,1,0.5,50,0.9411764705882353
73,"[10, 50]",0,1,0.8,50,0.9411764705882353
74,"[10, 50]",0,1,0.9,50,0.9411764705882353
75,"[100, 200]",0,1,0.5,50,0.823529411764706
76,"[100, 200]",0,1,0.8,50,0.823529411764706
77,"[100, 200]",0,1,0.9,50,0.875
78,"[50, 200]",0,1,0.5,50,0.6666666666666666
79,"[50, 200]",0,1,0.8,50,0.6666666666666666
80,"[50, 200]",0,1,0.9,50,0.6666666666666666
81,"[50, 10]",0,1,0.5,50,0.888888888888889
82,"[50, 10]",0,1,0.8,50,0.888888888888889
83,"[50, 10]",0,1,0.9,50,0.875
84,"[50, 100]",0,1,0.5,50,0.7058823529411765
85,"[50, 100]",0,1,0.8,50,0.7058823529411765
86,"[50, 100]",0,1,0.9,50,0.7058823529411765
87,"[200, 10]",0,1,0.5,50,0.875
88,"[200, 10]",0,1,0.8,50,0.7142857142857143
89,"[200, 10]",0,1,0.9,50,0.6153846153846154
90,"[100, 10]",0,1,0.5,50,0.875
91,"[100, 10]",0,1,0.8,50,0.875
92,"[100, 10]",0,1,0.9,50,0.875
93,"[200, 100]",0,1,0.5,50,0.7999999999999999
94,"[200, 100]",0,1,0.8,50,0.7999999999999999
95,"[200, 100]",0,1,0.9,50,0.7999999999999999
96,"[10, 200]",0,1,0.5,50,0.875
97,"[10, 200]",0,1,0.8,50,0.875
98,"[10, 200]",0,1,0.9,50,0.875
99,"[10, 100]",0,1,0.5,50,0.7999999999999999
100,"[10, 100]",0,1,0.8,50,0.7999999999999999
101,"[10, 100]",0,1,0.9,50,0.7999999999999999
102,"[200, 50]",0,1,0.5,50,0.875
103,"[200, 50]",0,1,0.8,50,0.875
104,"[200, 50]",0,1,0.9,50,0.875
105,"[100, 50]",0,1,0.5,50,0.7777777777777777
106,"[100, 50]",0,1,0.8,50,0.7777777777777777
107,"[100, 50]",0,1,0.9,50,0.823529411764706
108,"[10, 50]",2,3,0.5,10,0.7272727272727273
109,"[10, 50]",2,3,0.8,10,0.75
110,"[10, 50]",2,3,0.9,10,0.75
111,"[100, 200]",2,3,0.5,10,0.7272727272727273
112,"[100, 200]",2,3,0.8,10,0.7272727272727273
113,"[100, 200]",2,3,0.9,10,0.7272727272727273
114,"[50, 200]",2,3,0.5,10,0.42857142857142855
115,"[50, 200]",2,3,0.8,10,0.42857142857142855
116,"[50, 200]",2,3,0.9,10,0.42857142857142855
117,"[50, 10]",2,3,0.5,10,0.75
118,"[50, 10]",2,3,0.8,10,0.75
119,"[50, 10]",2,3,0.9,10,0.75
120,"[50, 100]",2,3,0.5,10,0.7272727272727273
121,"[50, 100]",2,3,0.8,10,0.7272727272727273
122,"[50, 100]",2,3,0.9,10,0.7272727272727273
123,"[200, 10]",2,3,0.5,10,0.7272727272727273
124,"[200, 10]",2,3,0.8,10,0.6153846153846154
125,"[200, 10]",2,3,0.9,10,0.6153846153846154
126,"[100, 10]",2,3,0.5,10,0.8571428571428571
127,"[100, 10]",2,3,0.8,10,0.8571428571428571
128,"[100, 10]",2,3,0.9,10,0.8571428571428571
129,"[200, 100]",2,3,0.5,10,0.7272727272727273
130,"[200, 100]",2,3,0.8,10,0.7272727272727273
131,"[200, 100]",2,3,0.9,10,0.7272727272727273
132,"[10, 200]",2,3,0.5,10,0.6666666666666666
133,"[10, 200]",2,3,0.8,10,0.6666666666666666
134,"[10, 200]",2,3,0.9,10,0.6666666666666666
135,"[10, 100]",2,3,0.5,10,0.823529411764706
136,"[10, 100]",2,3,0.8,10,0.75
137,"[10, 100]",2,3,0.9,10,0.75
138,"[200, 50]",2,3,0.5,10,0.7058823529411765
139,"[200, 50]",2,3,0.8,10,0.7058823529411765
140,"[200, 50]",2,3,0.9,10,0.7058823529411765
141,"[100, 50]",2,3,0.5,10,0.5714285714285715
142,"[100, 50]",2,3,0.8,10,0.5714285714285715
143,"[100, 50]",2,3,0.9,10,0.5714285714285715
144,"[10, 50]",2,3,0.5,25,0.7999999999999999
145,"[10, 50]",2,3,0.8,25,0.7999999999999999
146,"[10, 50]",2,3,0.9,25,0.7999999999999999
147,"[100, 200]",2,3,0.5,25,0.7272727272727273
148,"[100, 200]",2,3,0.8,25,0.7272727272727273
149,"[100, 200]",2,3,0.9,25,0.7272727272727273
150,"[50, 200]",2,3,0.5,25,0.42857142857142855
151,"[50, 200]",2,3,0.8,25,0.42857142857142855
152,"[50, 200]",2,3,0.9,25,0.42857142857142855
153,"[50, 10]",2,3,0.5,25,0.7999999999999999
154,"[50, 10]",2,3,0.8,25,0.7999999999999999
155,"[50, 10]",2,3,0.9,25,0.8571428571428571
156,"[50, 100]",2,3,0.5,25,0.7272727272727273
157,"[50, 100]",2,3,0.8,25,0.7272727272727273
158,"[50, 100]",2,3,0.9,25,0.7272727272727273
159,"[200, 10]",2,3,0.5,25,0.7272727272727273
160,"[200, 10]",2,3,0.8,25,0.6153846153846154
161,"[200, 10]",2,3,0.9,25,0.6153846153846154
162,"[100, 10]",2,3,0.5,25,0.8571428571428571
163,"[100, 10]",2,3,0.8,25,0.8571428571428571
164,"[100, 10]",2,3,0.9,25,0.8571428571428571
165,"[200, 100]",2,3,0.5,25,0.7272727272727273
166,"[200, 100]",2,3,0.8,25,0.7272727272727273
167,"[200, 100]",2,3,0.9,25,0.7272727272727273
168,"[10, 200]",2,3,0.5,25,0.6666666666666666
169,"[10, 200]",2,3,0.8,25,0.6666666666666666
170,"[10, 200]",2,3,0.9,25,0.6666666666666666
171,"[10, 100]",2,3,0.5,25,0.7058823529411765
172,"[10, 100]",2,3,0.8,25,0.7058823529411765
173,"[10, 100]",2,3,0.9,25,0.7058823529411765
174,"[200, 50]",2,3,0.5,25,0.7058823529411765
175,"[200, 50]",2,3,0.8,25,0.7058823529411765
176,"[200, 50]",2,3,0.9,25,0.7058823529411765
177,"[100, 50]",2,3,0.5,25,0.5714285714285715
178,"[100, 50]",2,3,0.8,25,0.5714285714285715
179,"[100, 50]",2,3,0.9,25,0.5714285714285715
180,"[10, 50]",2,3,0.5,50,0.75
181,"[10, 50]",2,3,0.8,50,0.75
182,"[10, 50]",2,3,0.9,50,0.75
183,"[100, 200]",2,3,0.5,50,0.7272727272727273
184,"[100, 200]",2,3,0.8,50,0.7272727272727273
185,"[100, 200]",2,3,0.9,50,0.7272727272727273
186,"[50, 200]",2,3,0.5,50,0.42857142857142855
187,"[50, 200]",2,3,0.8,50,0.42857142857142855
188,"[50, 200]",2,3,0.9,50,0.42857142857142855
189,"[50, 10]",2,3,0.5,50,0.7999999999999999
190,"[50, 10]",2,3,0.8,50,0.7999999999999999
191,"[50, 10]",2,3,0.9,50,0.8571428571428571
192,"[50, 100]",2,3,0.5,50,0.7272727272727273
193,"[50, 100]",2,3,0.8,50,0.7272727272727273
194,"[50, 100]",2,3,0.9,50,0.7272727272727273
195,"[200, 10]",2,3,0.5,50,0.7272727272727273
196,"[200, 10]",2,3,0.8,50,0.6153846153846154
197,"[200, 10]",2,3,0.9,50,0.6153846153846154
198,"[100, 10]",2,3,0.5,50,0.8571428571428571
199,"[100, 10]",2,3,0.8,50,0.8571428571428571
200,"[100, 10]",2,3,0.9,50,0.8571428571428571
201,"[200, 100]",2,3,0.5,50,0.7272727272727273
202,"[200, 100]",2,3,0.8,50,0.7272727272727273
203,"[200, 100]",2,3,0.9,50,0.7272727272727273
204,"[10, 200]",2,3,0.5,50,0.6666666666666666
205,"[10, 200]",2,3,0.8,50,0.6666666666666666
206,"[10, 200]",2,3,0.9,50,0.6666666666666666
207,"[10, 100]",2,3,0.5,50,0.6666666666666665
208,"[10, 100]",2,3,0.8,50,0.7058823529411765
209,"[10, 100]",2,3,0.9,50,0.7058823529411765
210,"[200, 50]",2,3,0.5,50,0.7058823529411765
211,"[200, 50]",2,3,0.8,50,0.7058823529411765
212,"[200, 50]",2,3,0.9,50,0.7058823529411765
213,"[100, 50]",2,3,0.5,50,0.5714285714285715
214,"[100, 50]",2,3,0.8,50,0.5714285714285715
215,"[100, 50]",2,3,0.9,50,0.5714285714285715
216,"[10, 50]",0,1,0.5,10,0.9411764705882353
217,"[10, 50]",0,1,0.8,10,0.9411764705882353
218,"[10, 50]",0,1,0.9,10,0.9411764705882353
219,"[100, 200]",0,1,0.5,10,0.875
220,"[100, 200]",0,1,0.8,10,0.875
221,"[100, 200]",0,1,0.9,10,0.875
222,"[50, 200]",0,1,0.5,10,0.7058823529411765
223,"[50, 200]",0,1,0.8,10,0.7058823529411765
224,"[50, 200]",0,1,0.9,10,0.7058823529411765
225,"[50, 10]",0,1,0.5,10,0.888888888888889
226,"[50, 10]",0,1,0.8,10,0.823529411764706
227,"[50, 10]",0,1,0.9,10,0.823529411764706
228,"[50, 100]",0,1,0.5,10,0.7777777777777777
229,"[50, 100]",0,1,0.8,10,0.7058823529411765
230,"[50, 100]",0,1,0.9,10,0.7058823529411765
231,"[200, 10]",0,1,0.5,10,0.7999999999999999
232,"[200, 10]",0,1,0.8,10,0.7142857142857143
233,"[200, 10]",0,1,0.9,10,0.7142857142857143
234,"[100, 10]",0,1,0.5,10,0.875
235,"[100, 10]",0,1,0.8,10,0.875
236,"[100, 10]",0,1,0.9,10,0.875
237,"[200, 100]",0,1,0.5,10,0.7999999999999999
238,"[200, 100]",0,1,0.8,10,0.7999999999999999
239,"[200, 100]",0,1,0.9,10,0.7999999999999999
240,"[10, 200]",0,1,0.5,10,0.7999999999999999
241,"[10, 200]",0,1,0.8,10,0.7999999999999999
242,"[10, 200]",0,1,0.9,10,0.7999999999999999
243,"[10, 100]",0,1,0.5,10,0.7999999999999999
244,"[10, 100]",0,1,0.8,10,0.7999999999999999
245,"[10, 100]",0,1,0.9,10,0.7999999999999999
246,"[200, 50]",0,1,0.5,10,0.875
247,"[200, 50]",0,1,0.8,10,0.875
248,"[200, 50]",0,1,0.9,10,0.875
249,"[100, 50]",0,1,0.5,10,0.7777777777777777
250,"[100, 50]",0,1,0.8,10,0.7777777777777777
251,"[100, 50]",0,1,0.9,10,0.823529411764706
252,"[10, 100, 50]",0,1,0.5,10,0.888888888888889
253,"[10, 100, 50]",0,1,0.8,10,0.9411764705882353
254,"[10, 100, 50]",0,1,0.9,10,1.0
255,"[200, 10, 100]",0,1,0.5,10,0.823529411764706
256,"[200, 10, 100]",0,1,0.8,10,0.75
257,"[200, 10, 100]",0,1,0.9,10,0.6666666666666666
258,"[50, 10, 100]",0,1,0.5,10,0.7999999999999999
259,"[50, 10, 100]",0,1,0.8,10,0.8571428571428571
260,"[50, 10, 100]",0,1,0.9,10,0.7692307692307693
261,"[10, 200, 100]",0,1,0.5,10,0.9411764705882353
262,"[10, 200, 100]",0,1,0.8,10,0.8571428571428571
263,"[10, 200, 100]",0,1,0.9,10,0.8571428571428571
264,"[100, 10, 200]",0,1,0.5,10,0.875
265,"[100, 10, 200]",0,1,0.8,10,0.875
266,"[100, 10, 200]",0,1,0.9,10,0.8571428571428571
267,"[100, 200, 50]",0,1,0.5,10,0.9411764705882353
268,"[100, 200, 50]",0,1,0.8,10,0.7999999999999999
269,"[100, 200, 50]",0,1,0.9,10,0.7999999999999999
270,"[100, 50, 10]",0,1,0.5,10,0.875
271,"[100, 50, 10]",0,1,0.8,10,0.875
272,"[100, 50, 10]",0,1,0.9,10,0.875
273,"[200, 50, 10]",0,1,0.5,10,0.75
274,"[200, 50, 10]",0,1,0.8,10,0.75
275,"[200, 50, 10]",0,1,0.9,10,0.7999999999999999
276,"[50, 10, 200]",0,1,0.5,10,0.5
277,"[50, 10, 200]",0,1,0.8,10,0.5
278,"[50, 10, 200]",0,1,0.9,10,0.5
279,"[50, 200, 10]",0,1,0.5,10,0.9411764705882353
280,"[50, 200, 10]",0,1,0.8,10,0.875
281,"[50, 200, 10]",0,1,0.9,10,0.7999999999999999
282,"[100, 200, 10]",0,1,0.5,10,0.7058823529411765
283,"[100, 200, 10]",0,1,0.8,10,0.7999999999999999
284,"[100, 200, 10]",0,1,0.9,10,0.7999999999999999
285,"[10, 50, 100]",0,1,0.5,10,0.888888888888889
286,"[10, 50, 100]",0,1,0.8,10,0.7999999999999999
287,"[10, 50, 100]",0,1,0.9,10,0.8571428571428571
288,"[100, 10, 50]",0,1,0.5,10,0.761904761904762
289,"[100, 10, 50]",0,1,0.8,10,0.75
290,"[100, 10, 50]",0,1,0.9,10,0.75
291,"[200, 10, 50]",0,1,0.5,10,1.0
292,"[200, 10, 50]",0,1,0.8,10,0.9333333333333333
293,"[200, 10, 50]",0,1,0.9,10,0.7692307692307693
294,"[200, 100, 50]",0,1,0.5,10,0.888888888888889
295,"[200, 100, 50]",0,1,0.8,10,0.823529411764706
296,"[200, 100, 50]",0,1,0.9,10,0.7999999999999999
297,"[50, 100, 200]",0,1,0.5,10,0.7999999999999999
298,"[50, 100, 200]",0,1,0.8,10,0.8571428571428571
299,"[50, 100, 200]",0,1,0.9,10,0.8571428571428571
300,"[10, 200, 50]",0,1,0.5,10,0.7058823529411765
301,"[10, 200, 50]",0,1,0.8,10,0.7058823529411765
302,"[10, 200, 50]",0,1,0.9,10,0.7058823529411765
303,"[200, 100, 10]",0,1,0.5,10,0.7777777777777777
304,"[200, 100, 10]",0,1,0.8,10,0.875
305,"[200, 100, 10]",0,1,0.9,10,0.7999999999999999
306,"[10, 50, 200]",0,1,0.5,10,0.75
307,"[10, 50, 200]",0,1,0.8,10,0.75
308,"[10, 50, 200]",0,1,0.9,10,0.7999999999999999
309,"[50, 100, 10]",0,1,0.5,10,0.823529411764706
310,"[50, 100, 10]",0,1,0.8,10,0.823529411764706
311,"[50, 100, 10]",0,1,0.9,10,0.875
312,"[200, 50, 100]",0,1,0.5,10,0.7000000000000001
313,"[200, 50, 100]",0,1,0.8,10,0.7000000000000001
314,"[200, 50, 100]",0,1,0.9,10,0.7000000000000001
315,"[50, 200, 100]",0,1,0.5,10,0.8571428571428571
316,"[50, 200, 100]",0,1,0.8,10,0.8571428571428571
317,"[50, 200, 100]",0,1,0.9,10,0.8571428571428571
318,"[10, 100, 200]",0,1,0.5,10,0.7368421052631579
319,"[10, 100, 200]",0,1,0.8,10,0.7058823529411765
320,"[10, 100, 200]",0,1,0.9,10,0.75
321,"[100, 50, 200]",0,1,0.5,10,0.7777777777777777
322,"[100, 50, 200]",0,1,0.8,10,0.7777777777777777
323,"[100, 50, 200]",0,1,0.9,10,0.823529411764706
324,"[10, 50]",0,1,0.5,25,0.9411764705882353
325,"[10, 50]",0,1,0.8,25,0.9411764705882353
326,"[10, 50]",0,1,0.9,25,0.9411764705882353
327,"[100, 200]",0,1,0.5,25,0.7777777777777777
328,"[100, 200]",0,1,0.8,25,0.7777777777777777
329,"[100, 200]",0,1,0.9,25,0.7777777777777777
330,"[50, 200]",0,1,0.5,25,0.75
331,"[50, 200]",0,1,0.8,25,0.6666666666666666
332,"[50, 200]",0,1,0.9,25,0.6666666666666666
333,"[50, 10]",0,1,0.5,25,0.888888888888889
334,"[50, 10]",0,1,0.8,25,0.823529411764706
335,"[50, 10]",0,1,0.9,25,0.823529411764706
336,"[50, 100]",0,1,0.5,25,0.625
337,"[50, 100]",0,1,0.8,25,0.6666666666666666
338,"[50, 100]",0,1,0.9,25,0.6666666666666666
339,"[200, 10]",0,1,0.5,25,0.6666666666666666
340,"[200, 10]",0,1,0.8,25,0.7142857142857143
341,"[200, 10]",0,1,0.9,25,0.6153846153846154
342,"[100, 10]",0,1,0.5,25,0.875
343,"[100, 10]",0,1,0.8,25,0.875
344,"[100, 10]",0,1,0.9,25,0.875
345,"[200, 100]",0,1,0.5,25,0.7999999999999999
346,"[200, 100]",0,1,0.8,25,0.7999999999999999
347,"[200, 100]",0,1,0.9,25,0.7999999999999999
348,"[10, 200]",0,1,0.5,25,0.7999999999999999
349,"[10, 200]",0,1,0.8,25,0.7999999999999999
350,"[10, 200]",0,1,0.9,25,0.7999999999999999
351,"[10, 100]",0,1,0.5,25,0.7999999999999999
352,"[10, 100]",0,1,0.8,25,0.7999999999999999
353,"[10, 100]",0,1,0.9,25,0.7999999999999999
354,"[200, 50]",0,1,0.5,25,0.875
355,"[200, 50]",0,1,0.8,25,0.875
356,"[200, 50]",0,1,0.9,25,0.875
357,"[100, 50]",0,1,0.5,25,0.7777777777777777
358,"[100, 50]",0,1,0.8,25,0.7777777777777777
359,"[100, 50]",0,1,0.9,25,0.823529411764706
360,"[10, 100, 50]",0,1,0.5,25,0.875
361,"[10, 100, 50]",0,1,0.8,25,0.875
362,"[10, 100, 50]",0,1,0.9,25,0.875
363,"[200, 10, 100]",0,1,0.5,25,0.75
364,"[200, 10, 100]",0,1,0.8,25,0.6666666666666666
365,"[200, 10, 100]",0,1,0.9,25,0.6666666666666666
366,"[50, 10, 100]",0,1,0.5,25,0.75
367,"[50, 10, 100]",0,1,0.8,25,0.7999999999999999
368,"[50, 10, 100]",0,1,0.9,25,0.7999999999999999
369,"[10, 200, 100]",0,1,0.5,25,0.823529411764706
370,"[10, 200, 100]",0,1,0.8,25,0.823529411764706
371,"[10, 200, 100]",0,1,0.9,25,0.823529411764706
372,"[100, 10, 200]",0,1,0.5,25,0.823529411764706
373,"[100, 10, 200]",0,1,0.8,25,0.875
374,"[100, 10, 200]",0,1,0.9,25,0.7142857142857143
375,"[100, 200, 50]",0,1,0.5,25,0.9411764705882353
376,"[100, 200, 50]",0,1,0.8,25,0.875
377,"[100, 200, 50]",0,1,0.9,25,0.7999999999999999
378,"[100, 50, 10]",0,1,0.5,25,0.7777777777777777
379,"[100, 50, 10]",0,1,0.8,25,0.823529411764706
380,"[100, 50, 10]",0,1,0.9,25,0.823529411764706
381,"[200, 50, 10]",0,1,0.5,25,0.75
382,"[200, 50, 10]",0,1,0.8,25,0.75
383,"[200, 50, 10]",0,1,0.9,25,0.75
384,"[50, 10, 200]",0,1,0.5,25,0.8571428571428571
385,"[50, 10, 200]",0,1,0.8,25,0.8571428571428571
386,"[50, 10, 200]",0,1,0.9,25,0.6666666666666666
387,"[50, 200, 10]",0,1,0.5,25,0.875
388,"[50, 200, 10]",0,1,0.8,25,0.7999999999999999
389,"[50, 200, 10]",0,1,0.9,25,0.7142857142857143
390,"[100, 200, 10]",0,1,0.5,25,0.823529411764706
391,"[100, 200, 10]",0,1,0.8,25,0.75
392,"[100, 200, 10]",0,1,0.9,25,0.7999999999999999
393,"[10, 50, 100]",0,1,0.5,25,0.5714285714285715
394,"[10, 50, 100]",0,1,0.8,25,0.5714285714285715
395,"[10, 50, 100]",0,1,0.9,25,0.6153846153846154
396,"[100, 10, 50]",0,1,0.5,25,0.7368421052631579
397,"[100, 10, 50]",0,1,0.8,25,0.7777777777777777
398,"[100, 10, 50]",0,1,0.9,25,0.75
399,"[200, 10, 50]",0,1,0.5,25,0.7058823529411765
400,"[200, 10, 50]",0,1,0.8,25,0.7058823529411765
401,"[200, 10, 50]",0,1,0.9,25,0.7058823529411765
402,"[200, 100, 50]",0,1,0.5,25,0.8421052631578948
403,"[200, 100, 50]",0,1,0.8,25,0.8421052631578948
404,"[200, 100, 50]",0,1,0.9,25,0.888888888888889
405,"[50, 100, 200]",0,1,0.5,25,0.6666666666666666
406,"[50, 100, 200]",0,1,0.8,25,0.6666666666666666
407,"[50, 100, 200]",0,1,0.9,25,0.6666666666666666
408,"[10, 200, 50]",0,1,0.5,25,0.7058823529411765
409,"[10, 200, 50]",0,1,0.8,25,0.7058823529411765
410,"[10, 200, 50]",0,1,0.9,25,0.75
411,"[200, 100, 10]",0,1,0.5,25,0.823529411764706
412,"[200, 100, 10]",0,1,0.8,25,0.875
413,"[200, 100, 10]",0,1,0.9,25,0.875
414,"[10, 50, 200]",0,1,0.5,25,0.8571428571428571
415,"[10, 50, 200]",0,1,0.8,25,0.8571428571428571
416,"[10, 50, 200]",0,1,0.9,25,0.8571428571428571
417,"[50, 100, 10]",0,1,0.5,25,0.7777777777777777
418,"[50, 100, 10]",0,1,0.8,25,0.823529411764706
419,"[50, 100, 10]",0,1,0.9,25,0.875
420,"[200, 50, 100]",0,1,0.5,25,0.7777777777777777
421,"[200, 50, 100]",0,1,0.8,25,0.7058823529411765
422,"[200, 50, 100]",0,1,0.9,25,0.7058823529411765
423,"[50, 200, 100]",0,1,0.5,25,0.888888888888889
424,"[50, 200, 100]",0,1,0.8,25,0.888888888888889
425,"[50, 200, 100]",0,1,0.9,25,0.9411764705882353
426,"[10, 100, 200]",0,1,0.5,25,0.7999999999999999
427,"[10, 100, 200]",0,1,0.8,25,0.7999999999999999
428,"[10, 100, 200]",0,1,0.9,25,0.7999999999999999
429,"[100, 50, 200]",0,1,0.5,25,0.875
430,"[100, 50, 200]",0,1,0.8,25,0.875
431,"[100, 50, 200]",0,1,0.9,25,0.875
432,"[10, 50]",0,1,0.5,50,0.888888888888889
433,"[10, 50]",0,1,0.8,50,0.9411764705882353
434,"[10, 50]",0,1,0.9,50,0.9411764705882353
435,"[100, 200]",0,1,0.5,50,0.7777777777777777
436,"[100, 200]",0,1,0.8,50,0.7777777777777777
437,"[100, 200]",0,1,0.9,50,0.7777777777777777
438,"[50, 200]",0,1,0.5,50,0.75
439,"[50, 200]",0,1,0.8,50,0.6666666666666666
440,"[50, 200]",0,1,0.9,50,0.6666666666666666
441,"[50, 10]",0,1,0.5,50,0.888888888888889
442,"[50, 10]",0,1,0.8,50,0.823529411764706
443,"[50, 10]",0,1,0.9,50,0.875
444,"[50, 100]",0,1,0.5,50,0.7058823529411765
445,"[50, 100]",0,1,0.8,50,0.7058823529411765
446,"[50, 100]",0,1,0.9,50,0.7058823529411765
447,"[200, 10]",0,1,0.5,50,0.6666666666666666
448,"[200, 10]",0,1,0.8,50,0.7142857142857143
449,"[200, 10]",0,1,0.9,50,0.7142857142857143
450,"[100, 10]",0,1,0.5,50,0.875
451,"[100, 10]",0,1,0.8,50,0.875
452,"[100, 10]",0,1,0.9,50,0.875
453,"[200, 100]",0,1,0.5,50,0.7999999999999999
454,"[200, 100]",0,1,0.8,50,0.7999999999999999
455,"[200, 100]",0,1,0.9,50,0.7999999999999999
456,"[10, 200]",0,1,0.5,50,0.9411764705882353
457,"[10, 200]",0,1,0.8,50,0.9411764705882353
458,"[10, 200]",0,1,0.9,50,0.875
459,"[10, 100]",0,1,0.5,50,0.7999999999999999
460,"[10, 100]",0,1,0.8,50,0.7999999999999999
461,"[10, 100]",0,1,0.9,50,0.7999999999999999
462,"[200, 50]",0,1,0.5,50,0.875
463,"[200, 50]",0,1,0.8,50,0.875
464,"[200, 50]",0,1,0.9,50,0.875
465,"[100, 50]",0,1,0.5,50,0.7777777777777777
466,"[100, 50]",0,1,0.8,50,0.7777777777777777
467,"[100, 50]",0,1,0.9,50,0.823529411764706
468,"[10, 100, 50]",0,1,0.5,50,0.875
469,"[10, 100, 50]",0,1,0.8,50,0.875
470,"[10, 100, 50]",0,1,0.9,50,0.875
471,"[200, 10, 100]",0,1,0.5,50,0.75
472,"[200, 10, 100]",0,1,0.8,50,0.75
473,"[200, 10, 100]",0,1,0.9,50,0.75
474,"[50, 10, 100]",0,1,0.5,50,0.7999999999999999
475,"[50, 10, 100]",0,1,0.8,50,0.7142857142857143
476,"[50, 10, 100]",0,1,0.9,50,0.7142857142857143
477,"[10, 200, 100]",0,1,0.5,50,0.7777777777777777
478,"[10, 200, 100]",0,1,0.8,50,0.7777777777777777
479,"[10, 200, 100]",0,1,0.9,50,0.823529411764706
480,"[100, 10, 200]",0,1,0.5,50,0.9411764705882353
481,"[100, 10, 200]",0,1,0.8,50,0.7999999999999999
482,"[100, 10, 200]",0,1,0.9,50,0.7999999999999999
483,"[100, 200, 50]",0,1,0.5,50,0.823529411764706
484,"[100, 200, 50]",0,1,0.8,50,0.875
485,"[100, 200, 50]",0,1,0.9,50,0.7999999999999999
486,"[100, 50, 10]",0,1,0.5,50,0.8421052631578948
487,"[100, 50, 10]",0,1,0.8,50,0.888888888888889
488,"[100, 50, 10]",0,1,0.9,50,0.823529411764706
489,"[200, 50, 10]",0,1,0.5,50,0.75
490,"[200, 50, 10]",0,1,0.8,50,0.75
491,"[200, 50, 10]",0,1,0.9,50,0.75
492,"[50, 10, 200]",0,1,0.5,50,0.7999999999999999
493,"[50, 10, 200]",0,1,0.8,50,0.6153846153846154
494,"[50, 10, 200]",0,1,0.9,50,0.6153846153846154
495,"[50, 200, 10]",0,1,0.5,50,0.7999999999999999
496,"[50, 200, 10]",0,1,0.8,50,0.7999999999999999
497,"[50, 200, 10]",0,1,0.9,50,0.7999999999999999
498,"[100, 200, 10]",0,1,0.5,50,0.823529411764706
499,"[100, 200, 10]",0,1,0.8,50,0.75
500,"[100, 200, 10]",0,1,0.9,50,0.75
501,"[10, 50, 100]",0,1,0.5,50,0.5714285714285715
502,"[10, 50, 100]",0,1,0.8,50,0.5714285714285715
503,"[10, 50, 100]",0,1,0.9,50,0.5714285714285715
504,"[100, 10, 50]",0,1,0.5,50,0.7368421052631579
505,"[100, 10, 50]",0,1,0.8,50,0.7058823529411765
506,"[100, 10, 50]",0,1,0.9,50,0.75
507,"[200, 10, 50]",0,1,0.5,50,0.75
508,"[200, 10, 50]",0,1,0.8,50,0.7999999999999999
509,"[200, 10, 50]",0,1,0.9,50,0.7999999999999999
510,"[200, 100, 50]",0,1,0.5,50,0.8421052631578948
511,"[200, 100, 50]",0,1,0.8,50,0.8421052631578948
512,"[200, 100, 50]",0,1,0.9,50,0.8421052631578948
513,"[50, 100, 200]",0,1,0.5,50,0.7999999999999999
514,"[50, 100, 200]",0,1,0.8,50,0.7999999999999999
515,"[50, 100, 200]",0,1,0.9,50,0.7999999999999999
516,"[10, 200, 50]",0,1,0.5,50,0.7058823529411765
517,"[10, 200, 50]",0,1,0.8,50,0.7058823529411765
518,"[10, 200, 50]",0,1,0.9,50,0.75
519,"[200, 100, 10]",0,1,0.5,50,0.875
520,"[200, 100, 10]",0,1,0.8,50,0.875
521,"[200, 100, 10]",0,1,0.9,50,0.875
522,"[10, 50, 200]",0,1,0.5,50,0.823529411764706
523,"[10, 50, 200]",0,1,0.8,50,0.823529411764706
524,"[10, 50, 200]",0,1,0.9,50,0.823529411764706
525,"[50, 100, 10]",0,1,0.5,50,0.7777777777777777
526,"[50, 100, 10]",0,1,0.8,50,0.823529411764706
527,"[50, 100, 10]",0,1,0.9,50,0.823529411764706
528,"[200, 50, 100]",0,1,0.5,50,0.7058823529411765
529,"[200, 50, 100]",0,1,0.8,50,0.7058823529411765
530,"[200, 50, 100]",0,1,0.9,50,0.7058823529411765
531,"[50, 200, 100]",0,1,0.5,50,0.875
532,"[50, 200, 100]",0,1,0.8,50,0.875
533,"[50, 200, 100]",0,1,0.9,50,0.875
534,"[10, 100, 200]",0,1,0.5,50,0.75
535,"[10, 100, 200]",0,1,0.8,50,0.6666666666666666
536,"[10, 100, 200]",0,1,0.9,50,0.6666666666666666
537,"[100, 50, 200]",0,1,0.5,50,0.7000000000000001
538,"[100, 50, 200]",0,1,0.8,50,0.7368421052631579
539,"[100, 50, 200]",0,1,0.9,50,0.7368421052631579
540,"[10, 50]",2,3,0.5,10,0.75
541,"[10, 50]",2,3,0.8,10,0.75
542,"[10, 50]",2,3,0.9,10,0.75
543,"[100, 200]",2,3,0.5,10,0.7272727272727273
544,"[100, 200]",2,3,0.8,10,0.7272727272727273
545,"[100, 200]",2,3,0.9,10,0.7272727272727273
546,"[50, 200]",2,3,0.5,10,0.42857142857142855
547,"[50, 200]",2,3,0.8,10,0.42857142857142855
548,"[50, 200]",2,3,0.9,10,0.42857142857142855
549,"[50, 10]",2,3,0.5,10,0.7999999999999999
550,"[50, 10]",2,3,0.8,10,0.7999999999999999
551,"[50, 10]",2,3,0.9,10,0.8571428571428571
552,"[50, 100]",2,3,0.5,10,0.7272727272727273
553,"[50, 100]",2,3,0.8,10,0.7272727272727273
554,"[50, 100]",2,3,0.9,10,0.7272727272727273
555,"[200, 10]",2,3,0.5,10,0.7272727272727273
556,"[200, 10]",2,3,0.8,10,0.6153846153846154
557,"[200, 10]",2,3,0.9,10,0.6153846153846154
558,"[100, 10]",2,3,0.5,10,0.8571428571428571
559,"[100, 10]",2,3,0.8,10,0.8571428571428571
560,"[100, 10]",2,3,0.9,10,0.8571428571428571
561,"[200, 100]",2,3,0.5,10,0.7272727272727273
562,"[200, 100]",2,3,0.8,10,0.7272727272727273
563,"[200, 100]",2,3,0.9,10,0.7272727272727273
564,"[10, 200]",2,3,0.5,10,0.6666666666666666
565,"[10, 200]",2,3,0.8,10,0.6666666666666666
566,"[10, 200]",2,3,0.9,10,0.6666666666666666
567,"[10, 100]",2,3,0.5,10,0.6666666666666665
568,"[10, 100]",2,3,0.8,10,0.7058823529411765
569,"[10, 100]",2,3,0.9,10,0.7058823529411765
570,"[200, 50]",2,3,0.5,10,0.7058823529411765
571,"[200, 50]",2,3,0.8,10,0.7058823529411765
572,"[200, 50]",2,3,0.9,10,0.7058823529411765
573,"[100, 50]",2,3,0.5,10,0.5714285714285715
574,"[100, 50]",2,3,0.8,10,0.5714285714285715
575,"[100, 50]",2,3,0.9,10,0.5714285714285715
576,"[10, 100, 50]",2,3,0.5,10,0.0
577,"[10, 100, 50]",2,3,0.8,10,0.0
578,"[10, 100, 50]",2,3,0.9,10,0.0
579,"[200, 10, 100]",2,3,0.5,10,0.6666666666666666
580,"[200, 10, 100]",2,3,0.8,10,0.6666666666666666
581,"[200, 10, 100]",2,3,0.9,10,0.6666666666666666
582,"[50, 10, 100]",2,3,0.5,10,0.7272727272727273
583,"[50, 10, 100]",2,3,0.8,10,0.7272727272727273
584,"[50, 10, 100]",2,3,0.9,10,0.7272727272727273
585,"[10, 200, 100]",2,3,0.5,10,0.7272727272727273
586,"[10, 200, 100]",2,3,0.8,10,0.7272727272727273
587,"[10, 200, 100]",2,3,0.9,10,0.7272727272727273
588,"[100, 10, 200]",2,3,0.5,10,0.7272727272727273
589,"[100, 10, 200]",2,3,0.8,10,0.7272727272727273
590,"[100, 10, 200]",2,3,0.9,10,0.7272727272727273
591,"[100, 200, 50]",2,3,0.5,10,0.0
592,"[100, 200, 50]",2,3,0.8,10,0.0
593,"[100, 200, 50]",2,3,0.9,10,0.0
594,"[100, 50, 10]",2,3,0.5,10,0.7272727272727273
595,"[100, 50, 10]",2,3,0.8,10,0.6666666666666666
596,"[100, 50, 10]",2,3,0.9,10,0.6666666666666666
597,"[200, 50, 10]",2,3,0.5,10,0.7272727272727273
598,"[200, 50, 10]",2,3,0.8,10,0.7272727272727273
599,"[200, 50, 10]",2,3,0.9,10,0.7272727272727273
600,"[50, 10, 200]",2,3,0.5,10,0.0
601,"[50, 10, 200]",2,3,0.8,10,0.0
602,"[50, 10, 200]",2,3,0.9,10,0.0
603,"[50, 200, 10]",2,3,0.5,10,0.7272727272727273
604,"[50, 200, 10]",2,3,0.8,10,0.7272727272727273
605,"[50, 200, 10]",2,3,0.9,10,0.7272727272727273
606,"[100, 200, 10]",2,3,0.5,10,0.0
607,"[100, 200, 10]",2,3,0.8,10,0.0
608,"[100, 200, 10]",2,3,0.9,10,0.0
609,"[10, 50, 100]",2,3,0.5,10,0.7272727272727273
610,"[10, 50, 100]",2,3,0.8,10,0.7272727272727273
611,"[10, 50, 100]",2,3,0.9,10,0.7272727272727273
612,"[100, 10, 50]",2,3,0.5,10,0.7272727272727273
613,"[100, 10, 50]",2,3,0.8,10,0.7368421052631579
614,"[100, 10, 50]",2,3,0.9,10,0.7368421052631579
615,"[200, 10, 50]",2,3,0.5,10,0.7272727272727273
616,"[200, 10, 50]",2,3,0.8,10,0.7272727272727273
617,"[200, 10, 50]",2,3,0.9,10,0.7272727272727273
618,"[200, 100, 50]",2,3,0.5,10,0.7272727272727273
619,"[200, 100, 50]",2,3,0.8,10,0.7272727272727273
620,"[200, 100, 50]",2,3,0.9,10,0.7272727272727273
621,"[50, 100, 200]",2,3,0.5,10,0.0
622,"[50, 100, 200]",2,3,0.8,10,0.0
623,"[50, 100, 200]",2,3,0.9,10,0.0
624,"[10, 200, 50]",2,3,0.5,10,0.4444444444444445
625,"[10, 200, 50]",2,3,0.8,10,0.4444444444444445
626,"[10, 200, 50]",2,3,0.9,10,0.4444444444444445
627,"[200, 100, 10]",2,3,0.5,10,0.7272727272727273
628,"[200, 100, 10]",2,3,0.8,10,0.7272727272727273
629,"[200, 100, 10]",2,3,0.9,10,0.7272727272727273
630,"[10, 50, 200]",2,3,0.5,10,0.7272727272727273
631,"[10, 50, 200]",2,3,0.8,10,0.7272727272727273
632,"[10, 50, 200]",2,3,0.9,10,0.7272727272727273
633,"[50, 100, 10]",2,3,0.5,10,0.7272727272727273
634,"[50, 100, 10]",2,3,0.8,10,0.7272727272727273
635,"[50, 100, 10]",2,3,0.9,10,0.0
636,"[200, 50, 100]",2,3,0.5,10,0.7272727272727273
637,"[200, 50, 100]",2,3,0.8,10,0.7272727272727273
638,"[200, 50, 100]",2,3,0.9,10,0.7272727272727273
639,"[50, 200, 100]",2,3,0.5,10,0.0
640,"[50, 200, 100]",2,3,0.8,10,0.0
641,"[50, 200, 100]",2,3,0.9,10,0.0
642,"[10, 100, 200]",2,3,0.5,10,0.7272727272727273
643,"[10, 100, 200]",2,3,0.8,10,0.7272727272727273
644,"[10, 100, 200]",2,3,0.9,10,0.7272727272727273
645,"[100, 50, 200]",2,3,0.5,10,0.0
646,"[100, 50, 200]",2,3,0.8,10,0.0
647,"[100, 50, 200]",2,3,0.9,10,0.0
648,"[10, 50]",2,3,0.5,25,0.75
649,"[10, 50]",2,3,0.8,25,0.75
650,"[10, 50]",2,3,0.9,25,0.75
651,"[100, 200]",2,3,0.5,25,0.7272727272727273
652,"[100, 200]",2,3,0.8,25,0.7272727272727273
653,"[100, 200]",2,3,0.9,25,0.7272727272727273
654,"[50, 200]",2,3,0.5,25,0.42857142857142855
655,"[50, 200]",2,3,0.8,25,0.42857142857142855
656,"[50, 200]",2,3,0.9,25,0.42857142857142855
657,"[50, 10]",2,3,0.5,25,0.7999999999999999
658,"[50, 10]",2,3,0.8,25,0.7999999999999999
659,"[50, 10]",2,3,0.9,25,0.8571428571428571
660,"[50, 100]",2,3,0.5,25,0.7272727272727273
661,"[50, 100]",2,3,0.8,25,0.7272727272727273
662,"[50, 100]",2,3,0.9,25,0.7272727272727273
663,"[200, 10]",2,3,0.5,25,0.7272727272727273
664,"[200, 10]",2,3,0.8,25,0.6153846153846154
665,"[200, 10]",2,3,0.9,25,0.6153846153846154
666,"[100, 10]",2,3,0.5,25,0.8571428571428571
667,"[100, 10]",2,3,0.8,25,0.8571428571428571
668,"[100, 10]",2,3,0.9,25,0.8571428571428571
669,"[200, 100]",2,3,0.5,25,0.7272727272727273
670,"[200, 100]",2,3,0.8,25,0.7272727272727273
671,"[200, 100]",2,3,0.9,25,0.7272727272727273
672,"[10, 200]",2,3,0.5,25,0.6666666666666666
673,"[10, 200]",2,3,0.8,25,0.6666666666666666
674,"[10, 200]",2,3,0.9,25,0.6666666666666666
675,"[10, 100]",2,3,0.5,25,0.6666666666666665
676,"[10, 100]",2,3,0.8,25,0.7058823529411765
677,"[10, 100]",2,3,0.9,25,0.7058823529411765
678,"[200, 50]",2,3,0.5,25,0.7058823529411765
679,"[200, 50]",2,3,0.8,25,0.7058823529411765
680,"[200, 50]",2,3,0.9,25,0.7058823529411765
681,"[100, 50]",2,3,0.5,25,0.5714285714285715
682,"[100, 50]",2,3,0.8,25,0.5714285714285715
683,"[100, 50]",2,3,0.9,25,0.5714285714285715
684,"[10, 100, 50]",2,3,0.5,25,0.7272727272727273
685,"[10, 100, 50]",2,3,0.8,25,0.7272727272727273
686,"[10, 100, 50]",2,3,0.9,25,0.7272727272727273
687,"[200, 10, 100]",2,3,0.5,25,0.6666666666666666
688,"[200, 10, 100]",2,3,0.8,25,0.6666666666666666
689,"[200, 10, 100]",2,3,0.9,25,0.6666666666666666
690,"[50, 10, 100]",2,3,0.5,25,0.7272727272727273
691,"[50, 10, 100]",2,3,0.8,25,0.7272727272727273
692,"[50, 10, 100]",2,3,0.9,25,0.7272727272727273
693,"[10, 200, 100]",2,3,0.5,25,0.7272727272727273
694,"[10, 200, 100]",2,3,0.8,25,0.7272727272727273
695,"[10, 200, 100]",2,3,0.9,25,0.7272727272727273
696,"[100, 10, 200]",2,3,0.5,25,0.7272727272727273
697,"[100, 10, 200]",2,3,0.8,25,0.7272727272727273
698,"[100, 10, 200]",2,3,0.9,25,0.7272727272727273
699,"[100, 200, 50]",2,3,0.5,25,0.0
700,"[100, 200, 50]",2,3,0.8,25,0.0
701,"[100, 200, 50]",2,3,0.9,25,0.0
702,"[100, 50, 10]",2,3,0.5,25,0.7272727272727273
703,"[100, 50, 10]",2,3,0.8,25,0.6666666666666666
704,"[100, 50, 10]",2,3,0.9,25,0.6666666666666666
705,"[200, 50, 10]",2,3,0.5,25,0.7272727272727273
706,"[200, 50, 10]",2,3,0.8,25,0.7272727272727273
707,"[200, 50, 10]",2,3,0.9,25,0.7272727272727273
708,"[50, 10, 200]",2,3,0.5,25,0.0
709,"[50, 10, 200]",2,3,0.8,25,0.0
710,"[50, 10, 200]",2,3,0.9,25,0.0
711,"[50, 200, 10]",2,3,0.5,25,0.7272727272727273
712,"[50, 200, 10]",2,3,0.8,25,0.7272727272727273
713,"[50, 200, 10]",2,3,0.9,25,0.7272727272727273
714,"[100, 200, 10]",2,3,0.5,25,0.0
715,"[100, 200, 10]",2,3,0.8,25,0.0
716,"[100, 200, 10]",2,3,0.9,25,0.0
717,"[10, 50, 100]",2,3,0.5,25,0.7272727272727273
718,"[10, 50, 100]",2,3,0.8,25,0.7272727272727273
719,"[10, 50, 100]",2,3,0.9,25,0.7272727272727273
720,"[100, 10, 50]",2,3,0.5,25,0.7272727272727273
721,"[100, 10, 50]",2,3,0.8,25,0.7368421052631579
722,"[100, 10, 50]",2,3,0.9,25,0.7368421052631579
723,"[200, 10, 50]",2,3,0.5,25,0.7272727272727273
724,"[200, 10, 50]",2,3,0.8,25,0.7272727272727273
725,"[200, 10, 50]",2,3,0.9,25,0.7272727272727273
726,"[200, 100, 50]",2,3,0.5,25,0.7272727272727273
727,"[200, 100, 50]",2,3,0.8,25,0.7272727272727273
728,"[200, 100, 50]",2,3,0.9,25,0.7272727272727273
729,"[50, 100, 200]",2,3,0.5,25,0.0
730,"[50, 100, 200]",2,3,0.8,25,0.0
731,"[50, 100, 200]",2,3,0.9,25,0.0
732,"[10, 200, 50]",2,3,0.5,25,0.4444444444444445
733,"[10, 200, 50]",2,3,0.8,25,0.4444444444444445
734,"[10, 200, 50]",2,3,0.9,25,0.4444444444444445
735,"[200, 100, 10]",2,3,0.5,25,0.7272727272727273
736,"[200, 100, 10]",2,3,0.8,25,0.7272727272727273
737,"[200, 100, 10]",2,3,0.9,25,0.7272727272727273
738,"[10, 50, 200]",2,3,0.5,25,0.7272727272727273
739,"[10, 50, 200]",2,3,0.8,25,0.7272727272727273
740,"[10, 50, 200]",2,3,0.9,25,0.7272727272727273
741,"[50, 100, 10]",2,3,0.5,25,0.7272727272727273
742,"[50, 100, 10]",2,3,0.8,25,0.7272727272727273
743,"[50, 100, 10]",2,3,0.9,25,0.0
744,"[200, 50, 100]",2,3,0.5,25,0.7272727272727273
745,"[200, 50, 100]",2,3,0.8,25,0.7272727272727273
746,"[200, 50, 100]",2,3,0.9,25,0.7272727272727273
747,"[50, 200, 100]",2,3,0.5,25,0.0
748,"[50, 200, 100]",2,3,0.8,25,0.0
749,"[50, 200, 100]",2,3,0.9,25,0.0
750,"[10, 100, 200]",2,3,0.5,25,0.7272727272727273
751,"[10, 100, 200]",2,3,0.8,25,0.7272727272727273
752,"[10, 100, 200]",2,3,0.9,25,0.7272727272727273
753,"[100, 50, 200]",2,3,0.5,25,0.0
754,"[100, 50, 200]",2,3,0.8,25,0.0
755,"[100, 50, 200]",2,3,0.9,25,0.0
756,"[10, 50]",2,3,0.5,50,0.75
757,"[10, 50]",2,3,0.8,50,0.75
758,"[10, 50]",2,3,0.9,50,0.75
759,"[100, 200]",2,3,0.5,50,0.7272727272727273
760,"[100, 200]",2,3,0.8,50,0.7272727272727273
761,"[100, 200]",2,3,0.9,50,0.7272727272727273
762,"[50, 200]",2,3,0.5,50,0.42857142857142855
763,"[50, 200]",2,3,0.8,50,0.42857142857142855
764,"[50, 200]",2,3,0.9,50,0.42857142857142855
765,"[50, 10]",2,3,0.5,50,0.7999999999999999
766,"[50, 10]",2,3,0.8,50,0.7999999999999999
767,"[50, 10]",2,3,0.9,50,0.8571428571428571
768,"[50, 100]",2,3,0.5,50,0.7272727272727273
769,"[50, 100]",2,3,0.8,50,0.7272727272727273
770,"[50, 100]",2,3,0.9,50,0.7272727272727273
771,"[200, 10]",2,3,0.5,50,0.7272727272727273
772,"[200, 10]",2,3,0.8,50,0.6153846153846154
773,"[200, 10]",2,3,0.9,50,0.6153846153846154
774,"[100, 10]",2,3,0.5,50,0.8571428571428571
775,"[100, 10]",2,3,0.8,50,0.8571428571428571
776,"[100, 10]",2,3,0.9,50,0.8571428571428571
777,"[200, 100]",2,3,0.5,50,0.7272727272727273
778,"[200, 100]",2,3,0.8,50,0.7272727272727273
779,"[200, 100]",2,3,0.9,50,0.7272727272727273
780,"[10, 200]",2,3,0.5,50,0.6666666666666666
781,"[10, 200]",2,3,0.8,50,0.6666666666666666
782,"[10, 200]",2,3,0.9,50,0.6666666666666666
783,"[10, 100]",2,3,0.5,50,0.6666666666666665
784,"[10, 100]",2,3,0.8,50,0.7058823529411765
785,"[10, 100]",2,3,0.9,50,0.7058823529411765
786,"[200, 50]",2,3,0.5,50,0.7058823529411765
787,"[200, 50]",2,3,0.8,50,0.7058823529411765
788,"[200, 50]",2,3,0.9,50,0.7058823529411765
789,"[100, 50]",2,3,0.5,50,0.5714285714285715
790,"[100, 50]",2,3,0.8,50,0.5714285714285715
791,"[100, 50]",2,3,0.9,50,0.5714285714285715
792,"[10, 100, 50]",2,3,0.5,50,0.7272727272727273
793,"[10, 100, 50]",2,3,0.8,50,0.7272727272727273
794,"[10, 100, 50]",2,3,0.9,50,0.7272727272727273
795,"[200, 10, 100]",2,3,0.5,50,0.6666666666666666
796,"[200, 10, 100]",2,3,0.8,50,0.6666666666666666
797,"[200, 10, 100]",2,3,0.9,50,0.6666666666666666
798,"[50, 10, 100]",2,3,0.5,50,0.7272727272727273
799,"[50, 10, 100]",2,3,0.8,50,0.7272727272727273
800,"[50, 10, 100]",2,3,0.9,50,0.7272727272727273
801,"[10, 200, 100]",2,3,0.5,50,0.7272727272727273
802,"[10, 200, 100]",2,3,0.8,50,0.7272727272727273
803,"[10, 200, 100]",2,3,0.9,50,0.7272727272727273
804,"[100, 10, 200]",2,3,0.5,50,0.7272727272727273
805,"[100, 10, 200]",2,3,0.8,50,0.7272727272727273
806,"[100, 10, 200]",2,3,0.9,50,0.7272727272727273
807,"[100, 200, 50]",2,3,0.5,50,0.0
808,"[100, 200, 50]",2,3,0.8,50,0.0
809,"[100, 200, 50]",2,3,0.9,50,0.0
810,"[100, 50, 10]",2,3,0.5,50,0.7272727272727273
811,"[100, 50, 10]",2,3,0.8,50,0.6666666666666666
812,"[100, 50, 10]",2,3,0.9,50,0.6666666666666666
813,"[200, 50, 10]",2,3,0.5,50,0.7272727272727273
814,"[200, 50, 10]",2,3,0.8,50,0.7272727272727273
815,"[200, 50, 10]",2,3,0.9,50,0.7272727272727273
816,"[50, 10, 200]",2,3,0.5,50,0.0
817,"[50, 10, 200]",2,3,0.8,50,0.0
818,"[50, 10, 200]",2,3,0.9,50,0.0
819,"[50, 200, 10]",2,3,0.5,50,0.7272727272727273
820,"[50, 200, 10]",2,3,0.8,50,0.7272727272727273
821,"[50, 200, 10]",2,3,0.9,50,0.7272727272727273
822,"[100, 200, 10]",2,3,0.5,50,0.0
823,"[100, 200, 10]",2,3,0.8,50,0.0
824,"[100, 200, 10]",2,3,0.9,50,0.0
825,"[10, 50, 100]",2,3,0.5,50,0.7272727272727273
826,"[10, 50, 100]",2,3,0.8,50,0.7272727272727273
827,"[10, 50, 100]",2,3,0.9,50,0.7272727272727273
828,"[100, 10, 50]",2,3,0.5,50,0.7272727272727273
829,"[100, 10, 50]",2,3,0.8,50,0.7368421052631579
830,"[100, 10, 50]",2,3,0.9,50,0.7368421052631579
831,"[200, 10, 50]",2,3,0.5,50,0.7272727272727273
832,"[200, 10, 50]",2,3,0.8,50,0.7272727272727273
833,"[200, 10, 50]",2,3,0.9,50,0.7272727272727273
834,"[200, 100, 50]",2,3,0.5,50,0.7272727272727273
835,"[200, 100, 50]",2,3,0.8,50,0.7272727272727273
836,"[200, 100, 50]",2,3,0.9,50,0.7272727272727273
837,"[50, 100, 200]",2,3,0.5,50,0.0
838,"[50, 100, 200]",2,3,0.8,50,0.0
839,"[50, 100, 200]",2,3,0.9,50,0.0
840,"[10, 200, 50]",2,3,0.5,50,0.4444444444444445
841,"[10, 200, 50]",2,3,0.8,50,0.4444444444444445
842,"[10, 200, 50]",2,3,0.9,50,0.4444444444444445
843,"[200, 100, 10]",2,3,0.5,50,0.7272727272727273
844,"[200, 100, 10]",2,3,0.8,50,0.7272727272727273
845,"[200, 100, 10]",2,3,0.9,50,0.7272727272727273
846,"[10, 50, 200]",2,3,0.5,50,0.7272727272727273
847,"[10, 50, 200]",2,3,0.8,50,0.7272727272727273
848,"[10, 50, 200]",2,3,0.9,50,0.7272727272727273
849,"[50, 100, 10]",2,3,0.5,50,0.7272727272727273
850,"[50, 100, 10]",2,3,0.8,50,0.7272727272727273
851,"[50, 100, 10]",2,3,0.9,50,0.0
852,"[200, 50, 100]",2,3,0.5,50,0.7272727272727273
853,"[200, 50, 100]",2,3,0.8,50,0.7272727272727273
854,"[200, 50, 100]",2,3,0.9,50,0.7272727272727273
855,"[50, 200, 100]",2,3,0.5,50,0.0
856,"[50, 200, 100]",2,3,0.8,50,0.0
857,"[50, 200, 100]",2,3,0.9,50,0.0
858,"[10, 100, 200]",2,3,0.5,50,0.7272727272727273
859,"[10, 100, 200]",2,3,0.8,50,0.7272727272727273
860,"[10, 100, 200]",2,3,0.9,50,0.7272727272727273
861,"[100, 50, 200]",2,3,0.5,50,0.0
862,"[100, 50, 200]",2,3,0.8,50,0.0
863,"[100, 50, 200]",2,3,0.9,50,0.0
864,"[10, 50]",0,1,0.5,10,0.888888888888889
865,"[10, 50]",0,1,0.8,10,0.9411764705882353
866,"[10, 50]",0,1,0.9,10,0.9411764705882353
867,"[100, 200]",0,1,0.5,10,0.7777777777777777
868,"[100, 200]",0,1,0.8,10,0.7777777777777777
869,"[100, 200]",0,1,0.9,10,0.7777777777777777
870,"[50, 200]",0,1,0.5,10,0.75
871,"[50, 200]",0,1,0.8,10,0.6666666666666666
872,"[50, 200]",0,1,0.9,10,0.6666666666666666
873,"[50, 10]",0,1,0.5,10,0.8421052631578948
874,"[50, 10]",0,1,0.8,10,0.823529411764706
875,"[50, 10]",0,1,0.9,10,0.875
876,"[50, 100]",0,1,0.5,10,0.7058823529411765
877,"[50, 100]",0,1,0.8,10,0.7058823529411765
878,"[50, 100]",0,1,0.9,10,0.7058823529411765
879,"[200, 10]",0,1,0.5,10,0.6666666666666666
880,"[200, 10]",0,1,0.8,10,0.7142857142857143
881,"[200, 10]",0,1,0.9,10,0.7142857142857143
882,"[100, 10]",0,1,0.5,10,0.875
883,"[100, 10]",0,1,0.8,10,0.875
884,"[100, 10]",0,1,0.9,10,0.875
885,"[200, 100]",0,1,0.5,10,0.7999999999999999
886,"[200, 100]",0,1,0.8,10,0.7999999999999999
887,"[200, 100]",0,1,0.9,10,0.7999999999999999
888,"[10, 200]",0,1,0.5,10,0.8421052631578948
889,"[10, 200]",0,1,0.8,10,0.8421052631578948
890,"[10, 200]",0,1,0.9,10,0.8421052631578948
891,"[10, 100]",0,1,0.5,10,0.7999999999999999
892,"[10, 100]",0,1,0.8,10,0.7999999999999999
893,"[10, 100]",0,1,0.9,10,0.7999999999999999
894,"[200, 50]",0,1,0.5,10,0.875
895,"[200, 50]",0,1,0.8,10,0.875
896,"[200, 50]",0,1,0.9,10,0.875
897,"[100, 50]",0,1,0.5,10,0.7777777777777777
898,"[100, 50]",0,1,0.8,10,0.7777777777777777
899,"[100, 50]",0,1,0.9,10,0.823529411764706
900,"[10, 100, 50]",0,1,0.5,10,0.875
901,"[10, 100, 50]",0,1,0.8,10,0.875
902,"[10, 100, 50]",0,1,0.9,10,0.875
903,"[200, 10, 100]",0,1,0.5,10,0.75
904,"[200, 10, 100]",0,1,0.8,10,0.75
905,"[200, 10, 100]",0,1,0.9,10,0.75
906,"[50, 10, 100]",0,1,0.5,10,0.7999999999999999
907,"[50, 10, 100]",0,1,0.8,10,0.7142857142857143
908,"[50, 10, 100]",0,1,0.9,10,0.7142857142857143
909,"[10, 200, 100]",0,1,0.5,10,0.7777777777777777
910,"[10, 200, 100]",0,1,0.8,10,0.7777777777777777
911,"[10, 200, 100]",0,1,0.9,10,0.823529411764706
912,"[100, 10, 200]",0,1,0.5,10,0.9411764705882353
913,"[100, 10, 200]",0,1,0.8,10,0.875
914,"[100, 10, 200]",0,1,0.9,10,0.7999999999999999
915,"[100, 200, 50]",0,1,0.5,10,0.823529411764706
916,"[100, 200, 50]",0,1,0.8,10,0.875
917,"[100, 200, 50]",0,1,0.9,10,0.7999999999999999
918,"[100, 50, 10]",0,1,0.5,10,0.8421052631578948
919,"[100, 50, 10]",0,1,0.8,10,0.888888888888889
920,"[100, 50, 10]",0,1,0.9,10,0.823529411764706
921,"[200, 50, 10]",0,1,0.5,10,0.75
922,"[200, 50, 10]",0,1,0.8,10,0.75
923,"[200, 50, 10]",0,1,0.9,10,0.75
924,"[50, 10, 200]",0,1,0.5,10,0.7999999999999999
925,"[50, 10, 200]",0,1,0.8,10,0.6153846153846154
926,"[50, 10, 200]",0,1,0.9,10,0.6153846153846154
927,"[50, 200, 10]",0,1,0.5,10,0.7999999999999999
928,"[50, 200, 10]",0,1,0.8,10,0.7999999999999999
929,"[50, 200, 10]",0,1,0.9,10,0.7999999999999999
930,"[100, 200, 10]",0,1,0.5,10,0.823529411764706
931,"[100, 200, 10]",0,1,0.8,10,0.75
932,"[100, 200, 10]",0,1,0.9,10,0.75
933,"[10, 50, 100]",0,1,0.5,10,0.5714285714285715
934,"[10, 50, 100]",0,1,0.8,10,0.5714285714285715
935,"[10, 50, 100]",0,1,0.9,10,0.5714285714285715
936,"[100, 10, 50]",0,1,0.5,10,0.7368421052631579
937,"[100, 10, 50]",0,1,0.8,10,0.7058823529411765
938,"[100, 10, 50]",0,1,0.9,10,0.75
939,"[200, 10, 50]",0,1,0.5,10,0.7058823529411765
940,"[200, 10, 50]",0,1,0.8,10,0.7999999999999999
941,"[200, 10, 50]",0,1,0.9,10,0.7999999999999999
942,"[200, 100, 50]",0,1,0.5,10,0.8421052631578948
943,"[200, 100, 50]",0,1,0.8,10,0.8421052631578948
944,"[200, 100, 50]",0,1,0.9,10,0.8421052631578948
945,"[50, 100, 200]",0,1,0.5,10,0.7999999999999999
946,"[50, 100, 200]",0,1,0.8,10,0.7999999999999999
947,"[50, 100, 200]",0,1,0.9,10,0.7999999999999999
948,"[10, 200, 50]",0,1,0.5,10,0.7058823529411765
949,"[10, 200, 50]",0,1,0.8,10,0.7058823529411765
950,"[10, 200, 50]",0,1,0.9,10,0.75
951,"[200, 100, 10]",0,1,0.5,10,0.875
952,"[200, 100, 10]",0,1,0.8,10,0.875
953,"[200, 100, 10]",0,1,0.9,10,0.875
954,"[10, 50, 200]",0,1,0.5,10,0.823529411764706
955,"[10, 50, 200]",0,1,0.8,10,0.823529411764706
956,"[10, 50, 200]",0,1,0.9,10,0.823529411764706
957,"[50, 100, 10]",0,1,0.5,10,0.7777777777777777
958,"[50, 100, 10]",0,1,0.8,10,0.823529411764706
959,"[50, 100, 10]",0,1,0.9,10,0.823529411764706
960,"[200, 50, 100]",0,1,0.5,10,0.7058823529411765
961,"[200, 50, 100]",0,1,0.8,10,0.7058823529411765
962,"[200, 50, 100]",0,1,0.9,10,0.7058823529411765
963,"[50, 200, 100]",0,1,0.5,10,0.875
964,"[50, 200, 100]",0,1,0.8,10,0.875
965,"[50, 200, 100]",0,1,0.9,10,0.875
966,"[10, 100, 200]",0,1,0.5,10,0.8421052631578948
967,"[10, 100, 200]",0,1,0.8,10,0.888888888888889
968,"[10, 100, 200]",0,1,0.9,10,0.888888888888889
969,"[100, 50, 200]",0,1,0.5,10,0.7000000000000001
970,"[100, 50, 200]",0,1,0.8,10,0.7368421052631579
971,"[100, 50, 200]",0,1,0.9,10,0.7368421052631579
972,"[50, 10, 100, 200]",0,1,0.5,10,0.7058823529411765
973,"[50, 10, 100, 200]",0,1,0.8,10,0.7058823529411765
974,"[50, 10, 100, 200]",0,1,0.9,10,0.7058823529411765
975,"[200, 50, 10, 100]",0,1,0.5,10,0.6666666666666666
976,"[200, 50, 10, 100]",0,1,0.8,10,0.6666666666666666
977,"[200, 50, 10, 100]",0,1,0.9,10,0.6666666666666666
978,"[10, 200, 100, 50]",0,1,0.5,10,0.7000000000000001
979,"[10, 200, 100, 50]",0,1,0.8,10,0.7000000000000001
980,"[10, 200, 100, 50]",0,1,0.9,10,0.7000000000000001
981,"[10, 50, 100, 200]",0,1,0.5,10,0.7999999999999999
982,"[10, 50, 100, 200]",0,1,0.8,10,0.7999999999999999
983,"[10, 50, 100, 200]",0,1,0.9,10,0.7999999999999999
984,"[50, 100, 200, 10]",0,1,0.5,10,0.7777777777777777
985,"[50, 100, 200, 10]",0,1,0.8,10,0.7058823529411765
986,"[50, 100, 200, 10]",0,1,0.9,10,0.5714285714285715
987,"[100, 10, 50, 200]",0,1,0.5,10,0.7058823529411765
988,"[100, 10, 50, 200]",0,1,0.8,10,0.625
989,"[100, 10, 50, 200]",0,1,0.9,10,0.625
990,"[50, 10, 200, 100]",0,1,0.5,10,0.75
991,"[50, 10, 200, 100]",0,1,0.8,10,0.6666666666666666
992,"[50, 10, 200, 100]",0,1,0.9,10,0.7692307692307693
993,"[50, 100, 10, 200]",0,1,0.5,10,0.875
994,"[50, 100, 10, 200]",0,1,0.8,10,0.7142857142857143
995,"[50, 100, 10, 200]",0,1,0.9,10,0.5
996,"[200, 100, 50, 10]",0,1,0.5,10,0.7777777777777777
997,"[200, 100, 50, 10]",0,1,0.8,10,0.7058823529411765
998,"[200, 100, 50, 10]",0,1,0.9,10,0.7142857142857143
999,"[100, 200, 10, 50]",0,1,0.5,10,0.8571428571428571
1000,"[100, 200, 10, 50]",0,1,0.8,10,0.8571428571428571
1001,"[100, 200, 10, 50]",0,1,0.9,10,0.8571428571428571
1002,"[100, 200, 50, 10]",0,1,0.5,10,0.823529411764706
1003,"[100, 200, 50, 10]",0,1,0.8,10,0.75
1004,"[100, 200, 50, 10]",0,1,0.9,10,0.75
1005,"[200, 100, 10, 50]",0,1,0.5,10,0.823529411764706
1006,"[200, 100, 10, 50]",0,1,0.8,10,0.823529411764706
1007,"[200, 100, 10, 50]",0,1,0.9,10,0.7999999999999999
1008,"[10, 50, 200, 100]",0,1,0.5,10,0.6666666666666666
1009,"[10, 50, 200, 100]",0,1,0.8,10,0.6666666666666666
1010,"[10, 50, 200, 100]",0,1,0.9,10,0.6666666666666666
1011,"[100, 10, 200, 50]",0,1,0.5,10,0.823529411764706
1012,"[100, 10, 200, 50]",0,1,0.8,10,0.7999999999999999
1013,"[100, 10, 200, 50]",0,1,0.9,10,0.7142857142857143
1014,"[200, 10, 100, 50]",0,1,0.5,10,0.823529411764706
1015,"[200, 10, 100, 50]",0,1,0.8,10,0.8571428571428571
1016,"[200, 10, 100, 50]",0,1,0.9,10,0.8571428571428571
1017,"[10, 200, 50, 100]",0,1,0.5,10,0.8571428571428571
1018,"[10, 200, 50, 100]",0,1,0.8,10,0.8571428571428571
1019,"[10, 200, 50, 100]",0,1,0.9,10,0.8571428571428571
1020,"[50, 200, 100, 10]",0,1,0.5,10,0.823529411764706
1021,"[50, 200, 100, 10]",0,1,0.8,10,0.875
1022,"[50, 200, 100, 10]",0,1,0.9,10,0.875
1023,"[100, 50, 200, 10]",0,1,0.5,10,0.7999999999999999
1024,"[100, 50, 200, 10]",0,1,0.8,10,0.7999999999999999
1025,"[100, 50, 200, 10]",0,1,0.9,10,0.7999999999999999
1026,"[100, 50, 10, 200]",0,1,0.5,10,0.823529411764706
1027,"[100, 50, 10, 200]",0,1,0.8,10,0.75
1028,"[100, 50, 10, 200]",0,1,0.9,10,0.7999999999999999
1029,"[200, 50, 100, 10]",0,1,0.5,10,0.7999999999999999
1030,"[200, 50, 100, 10]",0,1,0.8,10,0.8571428571428571
1031,"[200, 50, 100, 10]",0,1,0.9,10,0.8571428571428571
1032,"[50, 200, 10, 100]",0,1,0.5,10,0.8571428571428571
1033,"[50, 200, 10, 100]",0,1,0.8,10,0.7692307692307693
1034,"[50, 200, 10, 100]",0,1,0.9,10,0.6666666666666666
1035,"[10, 100, 200, 50]",0,1,0.5,10,0.7777777777777777
1036,"[10, 100, 200, 50]",0,1,0.8,10,0.7777777777777777
1037,"[10, 100, 200, 50]",0,1,0.9,10,0.7058823529411765
1038,"[200, 10, 50, 100]",0,1,0.5,10,0.6153846153846154
1039,"[200, 10, 50, 100]",0,1,0.8,10,0.6666666666666666
1040,"[200, 10, 50, 100]",0,1,0.9,10,0.6666666666666666
1041,"[10, 100, 50, 200]",0,1,0.5,10,0.7777777777777777
1042,"[10, 100, 50, 200]",0,1,0.8,10,0.7777777777777777
1043,"[10, 100, 50, 200]",0,1,0.9,10,0.7777777777777777
1044,"[10, 50]",0,1,0.5,25,0.888888888888889
1045,"[10, 50]",0,1,0.8,25,0.9411764705882353
1046,"[10, 50]",0,1,0.9,25,0.9411764705882353
1047,"[100, 200]",0,1,0.5,25,0.7777777777777777
1048,"[100, 200]",0,1,0.8,25,0.7777777777777777
1049,"[100, 200]",0,1,0.9,25,0.7777777777777777
1050,"[50, 200]",0,1,0.5,25,0.75
1051,"[50, 200]",0,1,0.8,25,0.6666666666666666
1052,"[50, 200]",0,1,0.9,25,0.6666666666666666
1053,"[50, 10]",0,1,0.5,25,0.8421052631578948
1054,"[50, 10]",0,1,0.8,25,0.823529411764706
1055,"[50, 10]",0,1,0.9,25,0.875
1056,"[50, 100]",0,1,0.5,25,0.7058823529411765
1057,"[50, 100]",0,1,0.8,25,0.7058823529411765
1058,"[50, 100]",0,1,0.9,25,0.7058823529411765
1059,"[200, 10]",0,1,0.5,25,0.6666666666666666
1060,"[200, 10]",0,1,0.8,25,0.7142857142857143
1061,"[200, 10]",0,1,0.9,25,0.7142857142857143
1062,"[100, 10]",0,1,0.5,25,0.875
1063,"[100, 10]",0,1,0.8,25,0.875
1064,"[100, 10]",0,1,0.9,25,0.875
1065,"[200, 100]",0,1,0.5,25,0.7999999999999999
1066,"[200, 100]",0,1,0.8,25,0.7999999999999999
1067,"[200, 100]",0,1,0.9,25,0.7999999999999999
1068,"[10, 200]",0,1,0.5,25,0.823529411764706
1069,"[10, 200]",0,1,0.8,25,0.75
1070,"[10, 200]",0,1,0.9,25,0.75
1071,"[10, 100]",0,1,0.5,25,0.7999999999999999
1072,"[10, 100]",0,1,0.8,25,0.7999999999999999
1073,"[10, 100]",0,1,0.9,25,0.7999999999999999
1074,"[200, 50]",0,1,0.5,25,0.875
1075,"[200, 50]",0,1,0.8,25,0.875
1076,"[200, 50]",0,1,0.9,25,0.875
1077,"[100, 50]",0,1,0.5,25,0.7777777777777777
1078,"[100, 50]",0,1,0.8,25,0.7777777777777777
1079,"[100, 50]",0,1,0.9,25,0.823529411764706
1080,"[10, 100, 50]",0,1,0.5,25,0.875
1081,"[10, 100, 50]",0,1,0.8,25,0.875
1082,"[10, 100, 50]",0,1,0.9,25,0.875
1083,"[200, 10, 100]",0,1,0.5,25,0.75
1084,"[200, 10, 100]",0,1,0.8,25,0.75
1085,"[200, 10, 100]",0,1,0.9,25,0.75
1086,"[50, 10, 100]",0,1,0.5,25,0.7999999999999999
1087,"[50, 10, 100]",0,1,0.8,25,0.7999999999999999
1088,"[50, 10, 100]",0,1,0.9,25,0.7692307692307693
1089,"[10, 200, 100]",0,1,0.5,25,0.7777777777777777
1090,"[10, 200, 100]",0,1,0.8,25,0.823529411764706
1091,"[10, 200, 100]",0,1,0.9,25,0.823529411764706
1092,"[100, 10, 200]",0,1,0.5,25,0.9411764705882353
1093,"[100, 10, 200]",0,1,0.8,25,0.875
1094,"[100, 10, 200]",0,1,0.9,25,0.7999999999999999
1095,"[100, 200, 50]",0,1,0.5,25,0.823529411764706
1096,"[100, 200, 50]",0,1,0.8,25,0.875
1097,"[100, 200, 50]",0,1,0.9,25,0.875
1098,"[100, 50, 10]",0,1,0.5,25,0.8421052631578948
1099,"[100, 50, 10]",0,1,0.8,25,0.888888888888889
1100,"[100, 50, 10]",0,1,0.9,25,0.823529411764706
1101,"[200, 50, 10]",0,1,0.5,25,0.75
1102,"[200, 50, 10]",0,1,0.8,25,0.75
1103,"[200, 50, 10]",0,1,0.9,25,0.75
1104,"[50, 10, 200]",0,1,0.5,25,0.7999999999999999
1105,"[50, 10, 200]",0,1,0.8,25,0.6153846153846154
1106,"[50, 10, 200]",0,1,0.9,25,0.6153846153846154
1107,"[50, 200, 10]",0,1,0.5,25,0.7999999999999999
1108,"[50, 200, 10]",0,1,0.8,25,0.7999999999999999
1109,"[50, 200, 10]",0,1,0.9,25,0.7999999999999999
1110,"[100, 200, 10]",0,1,0.5,25,0.823529411764706
1111,"[100, 200, 10]",0,1,0.8,25,0.75
1112,"[100, 200, 10]",0,1,0.9,25,0.75
1113,"[10, 50, 100]",0,1,0.5,25,0.5714285714285715
1114,"[10, 50, 100]",0,1,0.8,25,0.5714285714285715
1115,"[10, 50, 100]",0,1,0.9,25,0.5714285714285715
1116,"[100, 10, 50]",0,1,0.5,25,0.7368421052631579
1117,"[100, 10, 50]",0,1,0.8,25,0.7058823529411765
1118,"[100, 10, 50]",0,1,0.9,25,0.75
1119,"[200, 10, 50]",0,1,0.5,25,0.7058823529411765
1120,"[200, 10, 50]",0,1,0.8,25,0.75
1121,"[200, 10, 50]",0,1,0.9,25,0.7999999999999999
1122,"[200, 100, 50]",0,1,0.5,25,0.8421052631578948
1123,"[200, 100, 50]",0,1,0.8,25,0.8421052631578948
1124,"[200, 100, 50]",0,1,0.9,25,0.8421052631578948
1125,"[50, 100, 200]",0,1,0.5,25,0.875
1126,"[50, 100, 200]",0,1,0.8,25,0.7999999999999999
1127,"[50, 100, 200]",0,1,0.9,25,0.7999999999999999
1128,"[10, 200, 50]",0,1,0.5,25,0.7058823529411765
1129,"[10, 200, 50]",0,1,0.8,25,0.7058823529411765
1130,"[10, 200, 50]",0,1,0.9,25,0.75
1131,"[200, 100, 10]",0,1,0.5,25,0.823529411764706
1132,"[200, 100, 10]",0,1,0.8,25,0.875
1133,"[200, 100, 10]",0,1,0.9,25,0.875
1134,"[10, 50, 200]",0,1,0.5,25,0.823529411764706
1135,"[10, 50, 200]",0,1,0.8,25,0.823529411764706
1136,"[10, 50, 200]",0,1,0.9,25,0.823529411764706
1137,"[50, 100, 10]",0,1,0.5,25,0.823529411764706
1138,"[50, 100, 10]",0,1,0.8,25,0.823529411764706
1139,"[50, 100, 10]",0,1,0.9,25,0.823529411764706
1140,"[200, 50, 100]",0,1,0.5,25,0.7058823529411765
1141,"[200, 50, 100]",0,1,0.8,25,0.7058823529411765
1142,"[200, 50, 100]",0,1,0.9,25,0.7058823529411765
1143,"[50, 200, 100]",0,1,0.5,25,0.875
1144,"[50, 200, 100]",0,1,0.8,25,0.875
1145,"[50, 200, 100]",0,1,0.9,25,0.875
1146,"[10, 100, 200]",0,1,0.5,25,0.7777777777777777
1147,"[10, 100, 200]",0,1,0.8,25,0.7777777777777777
1148,"[10, 100, 200]",0,1,0.9,25,0.7777777777777777
1149,"[100, 50, 200]",0,1,0.5,25,0.7000000000000001
1150,"[100, 50, 200]",0,1,0.8,25,0.7368421052631579
1151,"[100, 50, 200]",0,1,0.9,25,0.7368421052631579
1152,"[50, 10, 100, 200]",0,1,0.5,25,0.7058823529411765
1153,"[50, 10, 100, 200]",0,1,0.8,25,0.7058823529411765
1154,"[50, 10, 100, 200]",0,1,0.9,25,0.7058823529411765
1155,"[200, 50, 10, 100]",0,1,0.5,25,0.823529411764706
1156,"[200, 50, 10, 100]",0,1,0.8,25,0.823529411764706
1157,"[200, 50, 10, 100]",0,1,0.9,25,0.823529411764706
1158,"[10, 200, 100, 50]",0,1,0.5,25,0.631578947368421
1159,"[10, 200, 100, 50]",0,1,0.8,25,0.6666666666666665
1160,"[10, 200, 100, 50]",0,1,0.9,25,0.7058823529411765
1161,"[10, 50, 100, 200]",0,1,0.5,25,0.625
1162,"[10, 50, 100, 200]",0,1,0.8,25,0.625
1163,"[10, 50, 100, 200]",0,1,0.9,25,0.625
1164,"[50, 100, 200, 10]",0,1,0.5,25,0.823529411764706
1165,"[50, 100, 200, 10]",0,1,0.8,25,0.75
1166,"[50, 100, 200, 10]",0,1,0.9,25,0.75
1167,"[100, 10, 50, 200]",0,1,0.5,25,0.7777777777777777
1168,"[100, 10, 50, 200]",0,1,0.8,25,0.75
1169,"[100, 10, 50, 200]",0,1,0.9,25,0.75
1170,"[50, 10, 200, 100]",0,1,0.5,25,0.7999999999999999
1171,"[50, 10, 200, 100]",0,1,0.8,25,0.7999999999999999
1172,"[50, 10, 200, 100]",0,1,0.9,25,0.7142857142857143
1173,"[50, 100, 10, 200]",0,1,0.5,25,0.823529411764706
1174,"[50, 100, 10, 200]",0,1,0.8,25,0.7999999999999999
1175,"[50, 100, 10, 200]",0,1,0.9,25,0.6153846153846154
1176,"[200, 100, 50, 10]",0,1,0.5,25,0.7058823529411765
1177,"[200, 100, 50, 10]",0,1,0.8,25,0.7058823529411765
1178,"[200, 100, 50, 10]",0,1,0.9,25,0.6666666666666666
1179,"[100, 200, 10, 50]",0,1,0.5,25,0.75
1180,"[100, 200, 10, 50]",0,1,0.8,25,0.7999999999999999
1181,"[100, 200, 10, 50]",0,1,0.9,25,0.7692307692307693
1182,"[100, 200, 50, 10]",0,1,0.5,25,0.75
1183,"[100, 200, 50, 10]",0,1,0.8,25,0.75
1184,"[100, 200, 50, 10]",0,1,0.9,25,0.75
1185,"[200, 100, 10, 50]",0,1,0.5,25,0.7777777777777777
1186,"[200, 100, 10, 50]",0,1,0.8,25,0.7777777777777777
1187,"[200, 100, 10, 50]",0,1,0.9,25,0.7777777777777777
1188,"[10, 50, 200, 100]",0,1,0.5,25,0.7142857142857143
1189,"[10, 50, 200, 100]",0,1,0.8,25,0.7142857142857143
1190,"[10, 50, 200, 100]",0,1,0.9,25,0.7692307692307693
1191,"[100, 10, 200, 50]",0,1,0.5,25,0.625
1192,"[100, 10, 200, 50]",0,1,0.8,25,0.6666666666666666
1193,"[100, 10, 200, 50]",0,1,0.9,25,0.6666666666666666
1194,"[200, 10, 100, 50]",0,1,0.5,25,0.7999999999999999
1195,"[200, 10, 100, 50]",0,1,0.8,25,0.7999999999999999
1196,"[200, 10, 100, 50]",0,1,0.9,25,0.7999999999999999
1197,"[10, 200, 50, 100]",0,1,0.5,25,0.875
1198,"[10, 200, 50, 100]",0,1,0.8,25,0.875
1199,"[10, 200, 50, 100]",0,1,0.9,25,0.875
1200,"[50, 200, 100, 10]",0,1,0.5,25,0.823529411764706
1201,"[50, 200, 100, 10]",0,1,0.8,25,0.875
1202,"[50, 200, 100, 10]",0,1,0.9,25,0.875
1203,"[100, 50, 200, 10]",0,1,0.5,25,0.875
1204,"[100, 50, 200, 10]",0,1,0.8,25,0.875
1205,"[100, 50, 200, 10]",0,1,0.9,25,0.875
1206,"[100, 50, 10, 200]",0,1,0.5,25,0.823529411764706
1207,"[100, 50, 10, 200]",0,1,0.8,25,0.875
1208,"[100, 50, 10, 200]",0,1,0.9,25,0.875
1209,"[200, 50, 100, 10]",0,1,0.5,25,0.823529411764706
1210,"[200, 50, 100, 10]",0,1,0.8,25,0.823529411764706
1211,"[200, 50, 100, 10]",0,1,0.9,25,0.875
1212,"[50, 200, 10, 100]",0,1,0.5,25,0.7999999999999999
1213,"[50, 200, 10, 100]",0,1,0.8,25,0.8571428571428571
1214,"[50, 200, 10, 100]",0,1,0.9,25,0.7692307692307693
1215,"[10, 100, 200, 50]",0,1,0.5,25,0.7777777777777777
1216,"[10, 100, 200, 50]",0,1,0.8,25,0.875
1217,"[10, 100, 200, 50]",0,1,0.9,25,0.9333333333333333
1218,"[200, 10, 50, 100]",0,1,0.5,25,0.5714285714285715
1219,"[200, 10, 50, 100]",0,1,0.8,25,0.5714285714285715
1220,"[200, 10, 50, 100]",0,1,0.9,25,0.5714285714285715
1221,"[10, 100, 50, 200]",0,1,0.5,25,0.7777777777777777
1222,"[10, 100, 50, 200]",0,1,0.8,25,0.7058823529411765
1223,"[10, 100, 50, 200]",0,1,0.9,25,0.7058823529411765
1224,"[10, 50]",0,1,0.5,50,0.888888888888889
1225,"[10, 50]",0,1,0.8,50,0.9411764705882353
1226,"[10, 50]",0,1,0.9,50,0.9411764705882353
1227,"[100, 200]",0,1,0.5,50,0.7777777777777777
1228,"[100, 200]",0,1,0.8,50,0.7777777777777777
1229,"[100, 200]",0,1,0.9,50,0.7777777777777777
1230,"[50, 200]",0,1,0.5,50,0.75
1231,"[50, 200]",0,1,0.8,50,0.6666666666666666
1232,"[50, 200]",0,1,0.9,50,0.6666666666666666
1233,"[50, 10]",0,1,0.5,50,0.8421052631578948
1234,"[50, 10]",0,1,0.8,50,0.823529411764706
1235,"[50, 10]",0,1,0.9,50,0.875
1236,"[50, 100]",0,1,0.5,50,0.7058823529411765
1237,"[50, 100]",0,1,0.8,50,0.75
1238,"[50, 100]",0,1,0.9,50,0.75
1239,"[200, 10]",0,1,0.5,50,0.6666666666666666
1240,"[200, 10]",0,1,0.8,50,0.7142857142857143
1241,"[200, 10]",0,1,0.9,50,0.7142857142857143
1242,"[100, 10]",0,1,0.5,50,0.875
1243,"[100, 10]",0,1,0.8,50,0.875
1244,"[100, 10]",0,1,0.9,50,0.875
1245,"[200, 100]",0,1,0.5,50,0.7999999999999999
1246,"[200, 100]",0,1,0.8,50,0.7999999999999999
1247,"[200, 100]",0,1,0.9,50,0.7999999999999999
1248,"[10, 200]",0,1,0.5,50,0.7999999999999999
1249,"[10, 200]",0,1,0.8,50,0.7999999999999999
1250,"[10, 200]",0,1,0.9,50,0.7999999999999999
1251,"[10, 100]",0,1,0.5,50,0.7999999999999999
1252,"[10, 100]",0,1,0.8,50,0.7999999999999999
1253,"[10, 100]",0,1,0.9,50,0.7999999999999999
1254,"[200, 50]",0,1,0.5,50,0.875
1255,"[200, 50]",0,1,0.8,50,0.875
1256,"[200, 50]",0,1,0.9,50,0.875
1257,"[100, 50]",0,1,0.5,50,0.7777777777777777
1258,"[100, 50]",0,1,0.8,50,0.7777777777777777
1259,"[100, 50]",0,1,0.9,50,0.7777777777777777
1260,"[10, 100, 50]",0,1,0.5,50,0.875
1261,"[10, 100, 50]",0,1,0.8,50,0.875
1262,"[10, 100, 50]",0,1,0.9,50,0.875
1263,"[200, 10, 100]",0,1,0.5,50,0.75
1264,"[200, 10, 100]",0,1,0.8,50,0.75
1265,"[200, 10, 100]",0,1,0.9,50,0.75
1266,"[50, 10, 100]",0,1,0.5,50,0.7999999999999999
1267,"[50, 10, 100]",0,1,0.8,50,0.7999999999999999
1268,"[50, 10, 100]",0,1,0.9,50,0.7142857142857143
1269,"[10, 200, 100]",0,1,0.5,50,0.823529411764706
1270,"[10, 200, 100]",0,1,0.8,50,0.823529411764706
1271,"[10, 200, 100]",0,1,0.9,50,0.823529411764706
1272,"[100, 10, 200]",0,1,0.5,50,0.9411764705882353
1273,"[100, 10, 200]",0,1,0.8,50,0.875
1274,"[100, 10, 200]",0,1,0.9,50,0.875
1275,"[100, 200, 50]",0,1,0.5,50,0.823529411764706
1276,"[100, 200, 50]",0,1,0.8,50,0.875
1277,"[100, 200, 50]",0,1,0.9,50,0.875
1278,"[100, 50, 10]",0,1,0.5,50,0.8421052631578948
1279,"[100, 50, 10]",0,1,0.8,50,0.888888888888889
1280,"[100, 50, 10]",0,1,0.9,50,0.823529411764706
1281,"[200, 50, 10]",0,1,0.5,50,0.75
1282,"[200, 50, 10]",0,1,0.8,50,0.75
1283,"[200, 50, 10]",0,1,0.9,50,0.75
1284,"[50, 10, 200]",0,1,0.5,50,0.7999999999999999
1285,"[50, 10, 200]",0,1,0.8,50,0.6153846153846154
1286,"[50, 10, 200]",0,1,0.9,50,0.6666666666666666
1287,"[50, 200, 10]",0,1,0.5,50,0.7999999999999999
1288,"[50, 200, 10]",0,1,0.8,50,0.7999999999999999
1289,"[50, 200, 10]",0,1,0.9,50,0.7999999999999999
1290,"[100, 200, 10]",0,1,0.5,50,0.823529411764706
1291,"[100, 200, 10]",0,1,0.8,50,0.75
1292,"[100, 200, 10]",0,1,0.9,50,0.75
1293,"[10, 50, 100]",0,1,0.5,50,0.5714285714285715
1294,"[10, 50, 100]",0,1,0.8,50,0.5714285714285715
1295,"[10, 50, 100]",0,1,0.9,50,0.5714285714285715
1296,"[100, 10, 50]",0,1,0.5,50,0.7368421052631579
1297,"[100, 10, 50]",0,1,0.8,50,0.7058823529411765
1298,"[100, 10, 50]",0,1,0.9,50,0.75
1299,"[200, 10, 50]",0,1,0.5,50,0.7058823529411765
1300,"[200, 10, 50]",0,1,0.8,50,0.7058823529411765
1301,"[200, 10, 50]",0,1,0.9,50,0.7058823529411765
1302,"[200, 100, 50]",0,1,0.5,50,0.8421052631578948
1303,"[200, 100, 50]",0,1,0.8,50,0.8421052631578948
1304,"[200, 100, 50]",0,1,0.9,50,0.8421052631578948
1305,"[50, 100, 200]",0,1,0.5,50,0.875
1306,"[50, 100, 200]",0,1,0.8,50,0.7999999999999999
1307,"[50, 100, 200]",0,1,0.9,50,0.7999999999999999
1308,"[10, 200, 50]",0,1,0.5,50,0.7058823529411765
1309,"[10, 200, 50]",0,1,0.8,50,0.7058823529411765
1310,"[10, 200, 50]",0,1,0.9,50,0.75
1311,"[200, 100, 10]",0,1,0.5,50,0.823529411764706
1312,"[200, 100, 10]",0,1,0.8,50,0.875
1313,"[200, 100, 10]",0,1,0.9,50,0.875
1314,"[10, 50, 200]",0,1,0.5,50,0.823529411764706
1315,"[10, 50, 200]",0,1,0.8,50,0.823529411764706
1316,"[10, 50, 200]",0,1,0.9,50,0.823529411764706
1317,"[50, 100, 10]",0,1,0.5,50,0.823529411764706
1318,"[50, 100, 10]",0,1,0.8,50,0.823529411764706
1319,"[50, 100, 10]",0,1,0.9,50,0.823529411764706
1320,"[200, 50, 100]",0,1,0.5,50,0.7058823529411765
1321,"[200, 50, 100]",0,1,0.8,50,0.7058823529411765
1322,"[200, 50, 100]",0,1,0.9,50,0.7058823529411765
1323,"[50, 200, 100]",0,1,0.5,50,0.823529411764706
1324,"[50, 200, 100]",0,1,0.8,50,0.875
1325,"[50, 200, 100]",0,1,0.9,50,0.875
1326,"[10, 100, 200]",0,1,0.5,50,0.625
1327,"[10, 100, 200]",0,1,0.8,50,0.625
1328,"[10, 100, 200]",0,1,0.9,50,0.5714285714285715
1329,"[100, 50, 200]",0,1,0.5,50,0.7000000000000001
1330,"[100, 50, 200]",0,1,0.8,50,0.7368421052631579
1331,"[100, 50, 200]",0,1,0.9,50,0.7368421052631579
1332,"[50, 10, 100, 200]",0,1,0.5,50,0.7058823529411765
1333,"[50, 10, 100, 200]",0,1,0.8,50,0.7058823529411765
1334,"[50, 10, 100, 200]",0,1,0.9,50,0.7058823529411765
1335,"[200, 50, 10, 100]",0,1,0.5,50,0.823529411764706
1336,"[200, 50, 10, 100]",0,1,0.8,50,0.823529411764706
1337,"[200, 50, 10, 100]",0,1,0.9,50,0.823529411764706
1338,"[10, 200, 100, 50]",0,1,0.5,50,0.631578947368421
1339,"[10, 200, 100, 50]",0,1,0.8,50,0.631578947368421
1340,"[10, 200, 100, 50]",0,1,0.9,50,0.6666666666666665
1341,"[10, 50, 100, 200]",0,1,0.5,50,0.7999999999999999
1342,"[10, 50, 100, 200]",0,1,0.8,50,0.8571428571428571
1343,"[10, 50, 100, 200]",0,1,0.9,50,0.8571428571428571
1344,"[50, 100, 200, 10]",0,1,0.5,50,0.823529411764706
1345,"[50, 100, 200, 10]",0,1,0.8,50,0.823529411764706
1346,"[50, 100, 200, 10]",0,1,0.9,50,0.823529411764706
1347,"[100, 10, 50, 200]",0,1,0.5,50,0.7777777777777777
1348,"[100, 10, 50, 200]",0,1,0.8,50,0.75
1349,"[100, 10, 50, 200]",0,1,0.9,50,0.7999999999999999
1350,"[50, 10, 200, 100]",0,1,0.5,50,0.7999999999999999
1351,"[50, 10, 200, 100]",0,1,0.8,50,0.7999999999999999
1352,"[50, 10, 200, 100]",0,1,0.9,50,0.7999999999999999
1353,"[50, 100, 10, 200]",0,1,0.5,50,0.7777777777777777
1354,"[50, 100, 10, 200]",0,1,0.8,50,0.823529411764706
1355,"[50, 100, 10, 200]",0,1,0.9,50,0.75
1356,"[200, 100, 50, 10]",0,1,0.5,50,0.7058823529411765
1357,"[200, 100, 50, 10]",0,1,0.8,50,0.7058823529411765
1358,"[200, 100, 50, 10]",0,1,0.9,50,0.7058823529411765
1359,"[100, 200, 10, 50]",0,1,0.5,50,0.7999999999999999
1360,"[100, 200, 10, 50]",0,1,0.8,50,0.7999999999999999
1361,"[100, 200, 10, 50]",0,1,0.9,50,0.7142857142857143
1362,"[100, 200, 50, 10]",0,1,0.5,50,0.823529411764706
1363,"[100, 200, 50, 10]",0,1,0.8,50,0.75
1364,"[100, 200, 50, 10]",0,1,0.9,50,0.75
1365,"[200, 100, 10, 50]",0,1,0.5,50,0.7777777777777777
1366,"[200, 100, 10, 50]",0,1,0.8,50,0.7777777777777777
1367,"[200, 100, 10, 50]",0,1,0.9,50,0.7777777777777777
1368,"[10, 50, 200, 100]",0,1,0.5,50,0.7777777777777777
1369,"[10, 50, 200, 100]",0,1,0.8,50,0.7777777777777777
1370,"[10, 50, 200, 100]",0,1,0.9,50,0.7777777777777777
1371,"[100, 10, 200, 50]",0,1,0.5,50,0.625
1372,"[100, 10, 200, 50]",0,1,0.8,50,0.625
1373,"[100, 10, 200, 50]",0,1,0.9,50,0.6666666666666666
1374,"[200, 10, 100, 50]",0,1,0.5,50,0.7999999999999999
1375,"[200, 10, 100, 50]",0,1,0.8,50,0.7999999999999999
1376,"[200, 10, 100, 50]",0,1,0.9,50,0.7999999999999999
1377,"[10, 200, 50, 100]",0,1,0.5,50,0.9333333333333333
1378,"[10, 200, 50, 100]",0,1,0.8,50,0.8571428571428571
1379,"[10, 200, 50, 100]",0,1,0.9,50,0.8571428571428571
1380,"[50, 200, 100, 10]",0,1,0.5,50,0.823529411764706
1381,"[50, 200, 100, 10]",0,1,0.8,50,0.875
1382,"[50, 200, 100, 10]",0,1,0.9,50,0.875
1383,"[100, 50, 200, 10]",0,1,0.5,50,0.875
1384,"[100, 50, 200, 10]",0,1,0.8,50,0.875
1385,"[100, 50, 200, 10]",0,1,0.9,50,0.875
1386,"[100, 50, 10, 200]",0,1,0.5,50,0.823529411764706
1387,"[100, 50, 10, 200]",0,1,0.8,50,0.875
1388,"[100, 50, 10, 200]",0,1,0.9,50,0.875
1389,"[200, 50, 100, 10]",0,1,0.5,50,0.823529411764706
1390,"[200, 50, 100, 10]",0,1,0.8,50,0.823529411764706
1391,"[200, 50, 100, 10]",0,1,0.9,50,0.823529411764706
1392,"[50, 200, 10, 100]",0,1,0.5,50,0.7142857142857143
1393,"[50, 200, 10, 100]",0,1,0.8,50,0.7692307692307693
1394,"[50, 200, 10, 100]",0,1,0.9,50,0.7692307692307693
1395,"[10, 100, 200, 50]",0,1,0.5,50,0.7368421052631579
1396,"[10, 100, 200, 50]",0,1,0.8,50,0.7368421052631579
1397,"[10, 100, 200, 50]",0,1,0.9,50,0.7368421052631579
1398,"[200, 10, 50, 100]",0,1,0.5,50,0.75
1399,"[200, 10, 50, 100]",0,1,0.8,50,0.75
1400,"[200, 10, 50, 100]",0,1,0.9,50,0.6666666666666666
1401,"[10, 100, 50, 200]",0,1,0.5,50,0.7368421052631579
1402,"[10, 100, 50, 200]",0,1,0.8,50,0.7777777777777777
1403,"[10, 100, 50, 200]",0,1,0.9,50,0.7777777777777777
1404,"[10, 50]",2,3,0.5,10,0.75
1405,"[10, 50]",2,3,0.8,10,0.75
1406,"[10, 50]",2,3,0.9,10,0.75
1407,"[100, 200]",2,3,0.5,10,0.7272727272727273
1408,"[100, 200]",2,3,0.8,10,0.7272727272727273
1409,"[100, 200]",2,3,0.9,10,0.7272727272727273
1410,"[50, 200]",2,3,0.5,10,0.42857142857142855
1411,"[50, 200]",2,3,0.8,10,0.42857142857142855
1412,"[50, 200]",2,3,0.9,10,0.42857142857142855
1413,"[50, 10]",2,3,0.5,10,0.7999999999999999
1414,"[50, 10]",2,3,0.8,10,0.7999999999999999
1415,"[50, 10]",2,3,0.9,10,0.8571428571428571
1416,"[50, 100]",2,3,0.5,10,0.7272727272727273
1417,"[50, 100]",2,3,0.8,10,0.7272727272727273
1418,"[50, 100]",2,3,0.9,10,0.7272727272727273
1419,"[200, 10]",2,3,0.5,10,0.7272727272727273
1420,"[200, 10]",2,3,0.8,10,0.6153846153846154
1421,"[200, 10]",2,3,0.9,10,0.6153846153846154
1422,"[100, 10]",2,3,0.5,10,0.8571428571428571
1423,"[100, 10]",2,3,0.8,10,0.8571428571428571
1424,"[100, 10]",2,3,0.9,10,0.8571428571428571
1425,"[200, 100]",2,3,0.5,10,0.7272727272727273
1426,"[200, 100]",2,3,0.8,10,0.7272727272727273
1427,"[200, 100]",2,3,0.9,10,0.7272727272727273
1428,"[10, 200]",2,3,0.5,10,0.6666666666666666
1429,"[10, 200]",2,3,0.8,10,0.6666666666666666
1430,"[10, 200]",2,3,0.9,10,0.6666666666666666
1431,"[10, 100]",2,3,0.5,10,0.6666666666666665
1432,"[10, 100]",2,3,0.8,10,0.7058823529411765
1433,"[10, 100]",2,3,0.9,10,0.7058823529411765
1434,"[200, 50]",2,3,0.5,10,0.7058823529411765
1435,"[200, 50]",2,3,0.8,10,0.7058823529411765
1436,"[200, 50]",2,3,0.9,10,0.7058823529411765
1437,"[100, 50]",2,3,0.5,10,0.5714285714285715
1438,"[100, 50]",2,3,0.8,10,0.5714285714285715
1439,"[100, 50]",2,3,0.9,10,0.5714285714285715
1440,"[10, 100, 50]",2,3,0.5,10,0.7272727272727273
1441,"[10, 100, 50]",2,3,0.8,10,0.7272727272727273
1442,"[10, 100, 50]",2,3,0.9,10,0.7272727272727273
1443,"[200, 10, 100]",2,3,0.5,10,0.6666666666666666
1444,"[200, 10, 100]",2,3,0.8,10,0.6666666666666666
1445,"[200, 10, 100]",2,3,0.9,10,0.6666666666666666
1446,"[50, 10, 100]",2,3,0.5,10,0.7272727272727273
1447,"[50, 10, 100]",2,3,0.8,10,0.7272727272727273
1448,"[50, 10, 100]",2,3,0.9,10,0.7272727272727273
1449,"[10, 200, 100]",2,3,0.5,10,0.7272727272727273
1450,"[10, 200, 100]",2,3,0.8,10,0.7272727272727273
1451,"[10, 200, 100]",2,3,0.9,10,0.7272727272727273
1452,"[100, 10, 200]",2,3,0.5,10,0.7272727272727273
1453,"[100, 10, 200]",2,3,0.8,10,0.7272727272727273
1454,"[100, 10, 200]",2,3,0.9,10,0.7272727272727273
1455,"[100, 200, 50]",2,3,0.5,10,0.0
1456,"[100, 200, 50]",2,3,0.8,10,0.0
1457,"[100, 200, 50]",2,3,0.9,10,0.0
1458,"[100, 50, 10]",2,3,0.5,10,0.7272727272727273
1459,"[100, 50, 10]",2,3,0.8,10,0.6666666666666666
1460,"[100, 50, 10]",2,3,0.9,10,0.6666666666666666
1461,"[200, 50, 10]",2,3,0.5,10,0.7272727272727273
1462,"[200, 50, 10]",2,3,0.8,10,0.7272727272727273
1463,"[200, 50, 10]",2,3,0.9,10,0.7272727272727273
1464,"[50, 10, 200]",2,3,0.5,10,0.0
1465,"[50, 10, 200]",2,3,0.8,10,0.0
1466,"[50, 10, 200]",2,3,0.9,10,0.0
1467,"[50, 200, 10]",2,3,0.5,10,0.7272727272727273
1468,"[50, 200, 10]",2,3,0.8,10,0.7272727272727273
1469,"[50, 200, 10]",2,3,0.9,10,0.7272727272727273
1470,"[100, 200, 10]",2,3,0.5,10,0.0
1471,"[100, 200, 10]",2,3,0.8,10,0.0
1472,"[100, 200, 10]",2,3,0.9,10,0.0
1473,"[10, 50, 100]",2,3,0.5,10,0.7272727272727273
1474,"[10, 50, 100]",2,3,0.8,10,0.7272727272727273
1475,"[10, 50, 100]",2,3,0.9,10,0.7272727272727273
1476,"[100, 10, 50]",2,3,0.5,10,0.7272727272727273
1477,"[100, 10, 50]",2,3,0.8,10,0.7368421052631579
1478,"[100, 10, 50]",2,3,0.9,10,0.7368421052631579
1479,"[200, 10, 50]",2,3,0.5,10,0.7272727272727273
1480,"[200, 10, 50]",2,3,0.8,10,0.7272727272727273
1481,"[200, 10, 50]",2,3,0.9,10,0.7272727272727273
1482,"[200, 100, 50]",2,3,0.5,10,0.7272727272727273
1483,"[200, 100, 50]",2,3,0.8,10,0.7272727272727273
1484,"[200, 100, 50]",2,3,0.9,10,0.7272727272727273
1485,"[50, 100, 200]",2,3,0.5,10,0.0
1486,"[50, 100, 200]",2,3,0.8,10,0.0
1487,"[50, 100, 200]",2,3,0.9,10,0.0
1488,"[10, 200, 50]",2,3,0.5,10,0.4444444444444445
1489,"[10, 200, 50]",2,3,0.8,10,0.4444444444444445
1490,"[10, 200, 50]",2,3,0.9,10,0.4444444444444445
1491,"[200, 100, 10]",2,3,0.5,10,0.7272727272727273
1492,"[200, 100, 10]",2,3,0.8,10,0.7272727272727273
1493,"[200, 100, 10]",2,3,0.9,10,0.7272727272727273
1494,"[10, 50, 200]",2,3,0.5,10,0.7272727272727273
1495,"[10, 50, 200]",2,3,0.8,10,0.7272727272727273
1496,"[10, 50, 200]",2,3,0.9,10,0.7272727272727273
1497,"[50, 100, 10]",2,3,0.5,10,0.7272727272727273
1498,"[50, 100, 10]",2,3,0.8,10,0.7272727272727273
1499,"[50, 100, 10]",2,3,0.9,10,0.0
1500,"[200, 50, 100]",2,3,0.5,10,0.7272727272727273
1501,"[200, 50, 100]",2,3,0.8,10,0.7272727272727273
1502,"[200, 50, 100]",2,3,0.9,10,0.7272727272727273
1503,"[50, 200, 100]",2,3,0.5,10,0.0
1504,"[50, 200, 100]",2,3,0.8,10,0.0
1505,"[50, 200, 100]",2,3,0.9,10,0.0
1506,"[10, 100, 200]",2,3,0.5,10,0.7272727272727273
1507,"[10, 100, 200]",2,3,0.8,10,0.7272727272727273
1508,"[10, 100, 200]",2,3,0.9,10,0.7272727272727273
1509,"[100, 50, 200]",2,3,0.5,10,0.0
1510,"[100, 50, 200]",2,3,0.8,10,0.0
1511,"[100, 50, 200]",2,3,0.9,10,0.0
1512,"[50, 10, 100, 200]",2,3,0.5,10,0.0
1513,"[50, 10, 100, 200]",2,3,0.8,10,0.0
1514,"[50, 10, 100, 200]",2,3,0.9,10,0.0
1515,"[200, 50, 10, 100]",2,3,0.5,10,0.7272727272727273
1516,"[200, 50, 10, 100]",2,3,0.8,10,0.5454545454545454
1517,"[200, 50, 10, 100]",2,3,0.9,10,0.5454545454545454
1518,"[10, 200, 100, 50]",2,3,0.5,10,0.0
1519,"[10, 200, 100, 50]",2,3,0.8,10,0.0
1520,"[10, 200, 100, 50]",2,3,0.9,10,0.0
1521,"[10, 50, 100, 200]",2,3,0.5,10,0.7272727272727273
1522,"[10, 50, 100, 200]",2,3,0.8,10,0.7272727272727273
1523,"[10, 50, 100, 200]",2,3,0.9,10,0.7272727272727273
1524,"[50, 100, 200, 10]",2,3,0.5,10,0.7272727272727273
1525,"[50, 100, 200, 10]",2,3,0.8,10,0.7272727272727273
1526,"[50, 100, 200, 10]",2,3,0.9,10,0.7272727272727273
1527,"[100, 10, 50, 200]",2,3,0.5,10,0.7272727272727273
1528,"[100, 10, 50, 200]",2,3,0.8,10,0.7272727272727273
1529,"[100, 10, 50, 200]",2,3,0.9,10,0.7272727272727273
1530,"[50, 10, 200, 100]",2,3,0.5,10,0.7272727272727273
1531,"[50, 10, 200, 100]",2,3,0.8,10,0.7272727272727273
1532,"[50, 10, 200, 100]",2,3,0.9,10,0.7272727272727273
1533,"[50, 100, 10, 200]",2,3,0.5,10,0.7272727272727273
1534,"[50, 100, 10, 200]",2,3,0.8,10,0.7272727272727273
1535,"[50, 100, 10, 200]",2,3,0.9,10,0.7272727272727273
1536,"[200, 100, 50, 10]",2,3,0.5,10,0.7272727272727273
1537,"[200, 100, 50, 10]",2,3,0.8,10,0.7272727272727273
1538,"[200, 100, 50, 10]",2,3,0.9,10,0.0
1539,"[100, 200, 10, 50]",2,3,0.5,10,0.7272727272727273
1540,"[100, 200, 10, 50]",2,3,0.8,10,0.7272727272727273
1541,"[100, 200, 10, 50]",2,3,0.9,10,0.7272727272727273
1542,"[100, 200, 50, 10]",2,3,0.5,10,0.7272727272727273
1543,"[100, 200, 50, 10]",2,3,0.8,10,0.7272727272727273
1544,"[100, 200, 50, 10]",2,3,0.9,10,0.7272727272727273
1545,"[200, 100, 10, 50]",2,3,0.5,10,0.7272727272727273
1546,"[200, 100, 10, 50]",2,3,0.8,10,0.6666666666666666
1547,"[200, 100, 10, 50]",2,3,0.9,10,0.6666666666666666
1548,"[10, 50, 200, 100]",2,3,0.5,10,0.7272727272727273
1549,"[10, 50, 200, 100]",2,3,0.8,10,0.7272727272727273
1550,"[10, 50, 200, 100]",2,3,0.9,10,0.7272727272727273
1551,"[100, 10, 200, 50]",2,3,0.5,10,0.7272727272727273
1552,"[100, 10, 200, 50]",2,3,0.8,10,0.7272727272727273
1553,"[100, 10, 200, 50]",2,3,0.9,10,0.7272727272727273
1554,"[200, 10, 100, 50]",2,3,0.5,10,0.7272727272727273
1555,"[200, 10, 100, 50]",2,3,0.8,10,0.7272727272727273
1556,"[200, 10, 100, 50]",2,3,0.9,10,0.7272727272727273
1557,"[10, 200, 50, 100]",2,3,0.5,10,0.7272727272727273
1558,"[10, 200, 50, 100]",2,3,0.8,10,0.7272727272727273
1559,"[10, 200, 50, 100]",2,3,0.9,10,0.7272727272727273
1560,"[50, 200, 100, 10]",2,3,0.5,10,0.7272727272727273
1561,"[50, 200, 100, 10]",2,3,0.8,10,0.7272727272727273
1562,"[50, 200, 100, 10]",2,3,0.9,10,0.0
1563,"[100, 50, 200, 10]",2,3,0.5,10,0.7272727272727273
1564,"[100, 50, 200, 10]",2,3,0.8,10,0.7272727272727273
1565,"[100, 50, 200, 10]",2,3,0.9,10,0.7272727272727273
1566,"[100, 50, 10, 200]",2,3,0.5,10,0.7272727272727273
1567,"[100, 50, 10, 200]",2,3,0.8,10,0.7272727272727273
1568,"[100, 50, 10, 200]",2,3,0.9,10,0.7272727272727273
1569,"[200, 50, 100, 10]",2,3,0.5,10,0.7272727272727273
1570,"[200, 50, 100, 10]",2,3,0.8,10,0.7272727272727273
1571,"[200, 50, 100, 10]",2,3,0.9,10,0.0
1572,"[50, 200, 10, 100]",2,3,0.5,10,0.7272727272727273
1573,"[50, 200, 10, 100]",2,3,0.8,10,0.7272727272727273
1574,"[50, 200, 10, 100]",2,3,0.9,10,0.7272727272727273
1575,"[10, 100, 200, 50]",2,3,0.5,10,0.7272727272727273
1576,"[10, 100, 200, 50]",2,3,0.8,10,0.7272727272727273
1577,"[10, 100, 200, 50]",2,3,0.9,10,0.7272727272727273
1578,"[200, 10, 50, 100]",2,3,0.5,10,0.7272727272727273
1579,"[200, 10, 50, 100]",2,3,0.8,10,0.7272727272727273
1580,"[200, 10, 50, 100]",2,3,0.9,10,0.7272727272727273
1581,"[10, 100, 50, 200]",2,3,0.5,10,0.7272727272727273
1582,"[10, 100, 50, 200]",2,3,0.8,10,0.7272727272727273
1583,"[10, 100, 50, 200]",2,3,0.9,10,0.7272727272727273
1584,"[10, 50]",2,3,0.5,25,0.75
1585,"[10, 50]",2,3,0.8,25,0.75
1586,"[10, 50]",2,3,0.9,25,0.75
1587,"[100, 200]",2,3,0.5,25,0.7272727272727273
1588,"[100, 200]",2,3,0.8,25,0.7272727272727273
1589,"[100, 200]",2,3,0.9,25,0.7272727272727273
1590,"[50, 200]",2,3,0.5,25,0.42857142857142855
1591,"[50, 200]",2,3,0.8,25,0.42857142857142855
1592,"[50, 200]",2,3,0.9,25,0.42857142857142855
1593,"[50, 10]",2,3,0.5,25,0.7999999999999999
1594,"[50, 10]",2,3,0.8,25,0.7999999999999999
1595,"[50, 10]",2,3,0.9,25,0.8571428571428571
1596,"[50, 100]",2,3,0.5,25,0.7272727272727273
1597,"[50, 100]",2,3,0.8,25,0.7272727272727273
1598,"[50, 100]",2,3,0.9,25,0.7272727272727273
1599,"[200, 10]",2,3,0.5,25,0.7272727272727273
1600,"[200, 10]",2,3,0.8,25,0.6153846153846154
1601,"[200, 10]",2,3,0.9,25,0.6153846153846154
1602,"[100, 10]",2,3,0.5,25,0.8571428571428571
1603,"[100, 10]",2,3,0.8,25,0.8571428571428571
1604,"[100, 10]",2,3,0.9,25,0.8571428571428571
1605,"[200, 100]",2,3,0.5,25,0.7272727272727273
1606,"[200, 100]",2,3,0.8,25,0.7272727272727273
1607,"[200, 100]",2,3,0.9,25,0.7272727272727273
1608,"[10, 200]",2,3,0.5,25,0.6666666666666666
1609,"[10, 200]",2,3,0.8,25,0.6666666666666666
1610,"[10, 200]",2,3,0.9,25,0.6666666666666666
1611,"[10, 100]",2,3,0.5,25,0.6666666666666665
1612,"[10, 100]",2,3,0.8,25,0.7058823529411765
1613,"[10, 100]",2,3,0.9,25,0.7058823529411765
1614,"[200, 50]",2,3,0.5,25,0.7058823529411765
1615,"[200, 50]",2,3,0.8,25,0.7058823529411765
1616,"[200, 50]",2,3,0.9,25,0.7058823529411765
1617,"[100, 50]",2,3,0.5,25,0.5714285714285715
1618,"[100, 50]",2,3,0.8,25,0.5714285714285715
1619,"[100, 50]",2,3,0.9,25,0.5714285714285715
1620,"[10, 100, 50]",2,3,0.5,25,0.7272727272727273
1621,"[10, 100, 50]",2,3,0.8,25,0.7272727272727273
1622,"[10, 100, 50]",2,3,0.9,25,0.7272727272727273
1623,"[200, 10, 100]",2,3,0.5,25,0.6666666666666666
1624,"[200, 10, 100]",2,3,0.8,25,0.6666666666666666
1625,"[200, 10, 100]",2,3,0.9,25,0.6666666666666666
1626,"[50, 10, 100]",2,3,0.5,25,0.7272727272727273
1627,"[50, 10, 100]",2,3,0.8,25,0.7272727272727273
1628,"[50, 10, 100]",2,3,0.9,25,0.7272727272727273
1629,"[10, 200, 100]",2,3,0.5,25,0.7272727272727273
1630,"[10, 200, 100]",2,3,0.8,25,0.7272727272727273
1631,"[10, 200, 100]",2,3,0.9,25,0.7272727272727273
1632,"[100, 10, 200]",2,3,0.5,25,0.7272727272727273
1633,"[100, 10, 200]",2,3,0.8,25,0.7272727272727273
1634,"[100, 10, 200]",2,3,0.9,25,0.7272727272727273
1635,"[100, 200, 50]",2,3,0.5,25,0.0
1636,"[100, 200, 50]",2,3,0.8,25,0.0
1637,"[100, 200, 50]",2,3,0.9,25,0.0
1638,"[100, 50, 10]",2,3,0.5,25,0.7272727272727273
1639,"[100, 50, 10]",2,3,0.8,25,0.6666666666666666
1640,"[100, 50, 10]",2,3,0.9,25,0.6666666666666666
1641,"[200, 50, 10]",2,3,0.5,25,0.7272727272727273
1642,"[200, 50, 10]",2,3,0.8,25,0.7272727272727273
1643,"[200, 50, 10]",2,3,0.9,25,0.7272727272727273
1644,"[50, 10, 200]",2,3,0.5,25,0.0
1645,"[50, 10, 200]",2,3,0.8,25,0.0
1646,"[50, 10, 200]",2,3,0.9,25,0.0
1647,"[50, 200, 10]",2,3,0.5,25,0.7272727272727273
1648,"[50, 200, 10]",2,3,0.8,25,0.7272727272727273
1649,"[50, 200, 10]",2,3,0.9,25,0.7272727272727273
1650,"[100, 200, 10]",2,3,0.5,25,0.0
1651,"[100, 200, 10]",2,3,0.8,25,0.0
1652,"[100, 200, 10]",2,3,0.9,25,0.0
1653,"[10, 50, 100]",2,3,0.5,25,0.7272727272727273
1654,"[10, 50, 100]",2,3,0.8,25,0.7272727272727273
1655,"[10, 50, 100]",2,3,0.9,25,0.7272727272727273
1656,"[100, 10, 50]",2,3,0.5,25,0.7272727272727273
1657,"[100, 10, 50]",2,3,0.8,25,0.7368421052631579
1658,"[100, 10, 50]",2,3,0.9,25,0.7368421052631579
1659,"[200, 10, 50]",2,3,0.5,25,0.7272727272727273
1660,"[200, 10, 50]",2,3,0.8,25,0.7272727272727273
1661,"[200, 10, 50]",2,3,0.9,25,0.7272727272727273
1662,"[200, 100, 50]",2,3,0.5,25,0.7272727272727273
1663,"[200, 100, 50]",2,3,0.8,25,0.7272727272727273
1664,"[200, 100, 50]",2,3,0.9,25,0.7272727272727273
1665,"[50, 100, 200]",2,3,0.5,25,0.0
1666,"[50, 100, 200]",2,3,0.8,25,0.0
1667,"[50, 100, 200]",2,3,0.9,25,0.0
1668,"[10, 200, 50]",2,3,0.5,25,0.4444444444444445
1669,"[10, 200, 50]",2,3,0.8,25,0.4444444444444445
1670,"[10, 200, 50]",2,3,0.9,25,0.4444444444444445
1671,"[200, 100, 10]",2,3,0.5,25,0.7272727272727273
1672,"[200, 100, 10]",2,3,0.8,25,0.7272727272727273
1673,"[200, 100, 10]",2,3,0.9,25,0.7272727272727273
1674,"[10, 50, 200]",2,3,0.5,25,0.7272727272727273
1675,"[10, 50, 200]",2,3,0.8,25,0.7272727272727273
1676,"[10, 50, 200]",2,3,0.9,25,0.7272727272727273
1677,"[50, 100, 10]",2,3,0.5,25,0.7272727272727273
1678,"[50, 100, 10]",2,3,0.8,25,0.7272727272727273
1679,"[50, 100, 10]",2,3,0.9,25,0.0
1680,"[200, 50, 100]",2,3,0.5,25,0.7272727272727273
1681,"[200, 50, 100]",2,3,0.8,25,0.7272727272727273
1682,"[200, 50, 100]",2,3,0.9,25,0.7272727272727273
1683,"[50, 200, 100]",2,3,0.5,25,0.0
1684,"[50, 200, 100]",2,3,0.8,25,0.0
1685,"[50, 200, 100]",2,3,0.9,25,0.0
1686,"[10, 100, 200]",2,3,0.5,25,0.7272727272727273
1687,"[10, 100, 200]",2,3,0.8,25,0.7272727272727273
1688,"[10, 100, 200]",2,3,0.9,25,0.7272727272727273
1689,"[100, 50, 200]",2,3,0.5,25,0.0
1690,"[100, 50, 200]",2,3,0.8,25,0.0
1691,"[100, 50, 200]",2,3,0.9,25,0.0
1692,"[50, 10, 100, 200]",2,3,0.5,25,0.0
1693,"[50, 10, 100, 200]",2,3,0.8,25,0.0
1694,"[50, 10, 100, 200]",2,3,0.9,25,0.0
1695,"[200, 50, 10, 100]",2,3,0.5,25,0.7272727272727273
1696,"[200, 50, 10, 100]",2,3,0.8,25,0.5454545454545454
1697,"[200, 50, 10, 100]",2,3,0.9,25,0.5454545454545454
1698,"[10, 200, 100, 50]",2,3,0.5,25,0.0
1699,"[10, 200, 100, 50]",2,3,0.8,25,0.0
1700,"[10, 200, 100, 50]",2,3,0.9,25,0.0
1701,"[10, 50, 100, 200]",2,3,0.5,25,0.7272727272727273
1702,"[10, 50, 100, 200]",2,3,0.8,25,0.7272727272727273
1703,"[10, 50, 100, 200]",2,3,0.9,25,0.7272727272727273
1704,"[50, 100, 200, 10]",2,3,0.5,25,0.7272727272727273
1705,"[50, 100, 200, 10]",2,3,0.8,25,0.7272727272727273
1706,"[50, 100, 200, 10]",2,3,0.9,25,0.7272727272727273
1707,"[100, 10, 50, 200]",2,3,0.5,25,0.7272727272727273
1708,"[100, 10, 50, 200]",2,3,0.8,25,0.7272727272727273
1709,"[100, 10, 50, 200]",2,3,0.9,25,0.7272727272727273
1710,"[50, 10, 200, 100]",2,3,0.5,25,0.7272727272727273
1711,"[50, 10, 200, 100]",2,3,0.8,25,0.7272727272727273
1712,"[50, 10, 200, 100]",2,3,0.9,25,0.7272727272727273
1713,"[50, 100, 10, 200]",2,3,0.5,25,0.7272727272727273
1714,"[50, 100, 10, 200]",2,3,0.8,25,0.7272727272727273
1715,"[50, 100, 10, 200]",2,3,0.9,25,0.7272727272727273
1716,"[200, 100, 50, 10]",2,3,0.5,25,0.7272727272727273
1717,"[200, 100, 50, 10]",2,3,0.8,25,0.7272727272727273
1718,"[200, 100, 50, 10]",2,3,0.9,25,0.0
1719,"[100, 200, 10, 50]",2,3,0.5,25,0.7272727272727273
1720,"[100, 200, 10, 50]",2,3,0.8,25,0.7272727272727273
1721,"[100, 200, 10, 50]",2,3,0.9,25,0.7272727272727273
1722,"[100, 200, 50, 10]",2,3,0.5,25,0.7272727272727273
1723,"[100, 200, 50, 10]",2,3,0.8,25,0.7272727272727273
1724,"[100, 200, 50, 10]",2,3,0.9,25,0.7272727272727273
1725,"[200, 100, 10, 50]",2,3,0.5,25,0.7272727272727273
1726,"[200, 100, 10, 50]",2,3,0.8,25,0.7692307692307693
1727,"[200, 100, 10, 50]",2,3,0.9,25,0.6666666666666666
1728,"[10, 50, 200, 100]",2,3,0.5,25,0.7272727272727273
1729,"[10, 50, 200, 100]",2,3,0.8,25,0.7272727272727273
1730,"[10, 50, 200, 100]",2,3,0.9,25,0.7272727272727273
1731,"[100, 10, 200, 50]",2,3,0.5,25,0.7272727272727273
1732,"[100, 10, 200, 50]",2,3,0.8,25,0.7272727272727273
1733,"[100, 10, 200, 50]",2,3,0.9,25,0.7272727272727273
1734,"[200, 10, 100, 50]",2,3,0.5,25,0.7272727272727273
1735,"[200, 10, 100, 50]",2,3,0.8,25,0.7272727272727273
1736,"[200, 10, 100, 50]",2,3,0.9,25,0.7272727272727273
1737,"[10, 200, 50, 100]",2,3,0.5,25,0.7272727272727273
1738,"[10, 200, 50, 100]",2,3,0.8,25,0.7272727272727273
1739,"[10, 200, 50, 100]",2,3,0.9,25,0.7272727272727273
1740,"[50, 200, 100, 10]",2,3,0.5,25,0.7272727272727273
1741,"[50, 200, 100, 10]",2,3,0.8,25,0.7272727272727273
1742,"[50, 200, 100, 10]",2,3,0.9,25,0.0
1743,"[100, 50, 200, 10]",2,3,0.5,25,0.7272727272727273
1744,"[100, 50, 200, 10]",2,3,0.8,25,0.7272727272727273
1745,"[100, 50, 200, 10]",2,3,0.9,25,0.7272727272727273
1746,"[100, 50, 10, 200]",2,3,0.5,25,0.7272727272727273
1747,"[100, 50, 10, 200]",2,3,0.8,25,0.7272727272727273
1748,"[100, 50, 10, 200]",2,3,0.9,25,0.7272727272727273
1749,"[200, 50, 100, 10]",2,3,0.5,25,0.7272727272727273
1750,"[200, 50, 100, 10]",2,3,0.8,25,0.7272727272727273
1751,"[200, 50, 100, 10]",2,3,0.9,25,0.0
1752,"[50, 200, 10, 100]",2,3,0.5,25,0.7272727272727273
1753,"[50, 200, 10, 100]",2,3,0.8,25,0.7272727272727273
1754,"[50, 200, 10, 100]",2,3,0.9,25,0.7272727272727273
1755,"[10, 100, 200, 50]",2,3,0.5,25,0.7272727272727273
1756,"[10, 100, 200, 50]",2,3,0.8,25,0.7272727272727273
1757,"[10, 100, 200, 50]",2,3,0.9,25,0.7272727272727273
1758,"[200, 10, 50, 100]",2,3,0.5,25,0.7272727272727273
1759,"[200, 10, 50, 100]",2,3,0.8,25,0.7272727272727273
1760,"[200, 10, 50, 100]",2,3,0.9,25,0.7272727272727273
1761,"[10, 100, 50, 200]",2,3,0.5,25,0.7272727272727273
1762,"[10, 100, 50, 200]",2,3,0.8,25,0.7272727272727273
1763,"[10, 100, 50, 200]",2,3,0.9,25,0.7272727272727273
1764,"[10, 50]",2,3,0.5,50,0.75
1765,"[10, 50]",2,3,0.8,50,0.75
1766,"[10, 50]",2,3,0.9,50,0.75
1767,"[100, 200]",2,3,0.5,50,0.7272727272727273
1768,"[100, 200]",2,3,0.8,50,0.7272727272727273
1769,"[100, 200]",2,3,0.9,50,0.7272727272727273
1770,"[50, 200]",2,3,0.5,50,0.42857142857142855
1771,"[50, 200]",2,3,0.8,50,0.42857142857142855
1772,"[50, 200]",2,3,0.9,50,0.42857142857142855
1773,"[50, 10]",2,3,0.5,50,0.7999999999999999
1774,"[50, 10]",2,3,0.8,50,0.7999999999999999
1775,"[50, 10]",2,3,0.9,50,0.7999999999999999
1776,"[50, 100]",2,3,0.5,50,0.7272727272727273
1777,"[50, 100]",2,3,0.8,50,0.7272727272727273
1778,"[50, 100]",2,3,0.9,50,0.7272727272727273
1779,"[200, 10]",2,3,0.5,50,0.7272727272727273
1780,"[200, 10]",2,3,0.8,50,0.6153846153846154
1781,"[200, 10]",2,3,0.9,50,0.6153846153846154
1782,"[100, 10]",2,3,0.5,50,0.8571428571428571
1783,"[100, 10]",2,3,0.8,50,0.8571428571428571
1784,"[100, 10]",2,3,0.9,50,0.8571428571428571
1785,"[200, 100]",2,3,0.5,50,0.7272727272727273
1786,"[200, 100]",2,3,0.8,50,0.7272727272727273
1787,"[200, 100]",2,3,0.9,50,0.7272727272727273
1788,"[10, 200]",2,3,0.5,50,0.6666666666666666
1789,"[10, 200]",2,3,0.8,50,0.6666666666666666
1790,"[10, 200]",2,3,0.9,50,0.6666666666666666
1791,"[10, 100]",2,3,0.5,50,0.6666666666666665
1792,"[10, 100]",2,3,0.8,50,0.7058823529411765
1793,"[10, 100]",2,3,0.9,50,0.7058823529411765
1794,"[200, 50]",2,3,0.5,50,0.7058823529411765
1795,"[200, 50]",2,3,0.8,50,0.7058823529411765
1796,"[200, 50]",2,3,0.9,50,0.7058823529411765
1797,"[100, 50]",2,3,0.5,50,0.5714285714285715
1798,"[100, 50]",2,3,0.8,50,0.5714285714285715
1799,"[100, 50]",2,3,0.9,50,0.5714285714285715
1800,"[10, 100, 50]",2,3,0.5,50,0.7272727272727273
1801,"[10, 100, 50]",2,3,0.8,50,0.7272727272727273
1802,"[10, 100, 50]",2,3,0.9,50,0.7272727272727273
1803,"[200, 10, 100]",2,3,0.5,50,0.6666666666666666
1804,"[200, 10, 100]",2,3,0.8,50,0.6666666666666666
1805,"[200, 10, 100]",2,3,0.9,50,0.6666666666666666
1806,"[50, 10, 100]",2,3,0.5,50,0.7272727272727273
1807,"[50, 10, 100]",2,3,0.8,50,0.7272727272727273
1808,"[50, 10, 100]",2,3,0.9,50,0.7272727272727273
1809,"[10, 200, 100]",2,3,0.5,50,0.7272727272727273
1810,"[10, 200, 100]",2,3,0.8,50,0.7272727272727273
1811,"[10, 200, 100]",2,3,0.9,50,0.7272727272727273
1812,"[100, 10, 200]",2,3,0.5,50,0.7272727272727273
1813,"[100, 10, 200]",2,3,0.8,50,0.7272727272727273
1814,"[100, 10, 200]",2,3,0.9,50,0.7272727272727273
1815,"[100, 200, 50]",2,3,0.5,50,0.0
1816,"[100, 200, 50]",2,3,0.8,50,0.0
1817,"[100, 200, 50]",2,3,0.9,50,0.0
1818,"[100, 50, 10]",2,3,0.5,50,0.7272727272727273
1819,"[100, 50, 10]",2,3,0.8,50,0.6666666666666666
1820,"[100, 50, 10]",2,3,0.9,50,0.6666666666666666
1821,"[200, 50, 10]",2,3,0.5,50,0.7272727272727273
1822,"[200, 50, 10]",2,3,0.8,50,0.7272727272727273
1823,"[200, 50, 10]",2,3,0.9,50,0.7272727272727273
1824,"[50, 10, 200]",2,3,0.5,50,0.0
1825,"[50, 10, 200]",2,3,0.8,50,0.0
1826,"[50, 10, 200]",2,3,0.9,50,0.0
1827,"[50, 200, 10]",2,3,0.5,50,0.7272727272727273
1828,"[50, 200, 10]",2,3,0.8,50,0.7272727272727273
1829,"[50, 200, 10]",2,3,0.9,50,0.7272727272727273
1830,"[100, 200, 10]",2,3,0.5,50,0.0
1831,"[100, 200, 10]",2,3,0.8,50,0.0
1832,"[100, 200, 10]",2,3,0.9,50,0.0
1833,"[10, 50, 100]",2,3,0.5,50,0.7272727272727273
1834,"[10, 50, 100]",2,3,0.8,50,0.7272727272727273
1835,"[10, 50, 100]",2,3,0.9,50,0.7272727272727273
1836,"[100, 10, 50]",2,3,0.5,50,0.7272727272727273
1837,"[100, 10, 50]",2,3,0.8,50,0.7368421052631579
1838,"[100, 10, 50]",2,3,0.9,50,0.7368421052631579
1839,"[200, 10, 50]",2,3,0.5,50,0.7272727272727273
1840,"[200, 10, 50]",2,3,0.8,50,0.7272727272727273
1841,"[200, 10, 50]",2,3,0.9,50,0.7272727272727273
1842,"[200, 100, 50]",2,3,0.5,50,0.7272727272727273
1843,"[200, 100, 50]",2,3,0.8,50,0.7272727272727273
1844,"[200, 100, 50]",2,3,0.9,50,0.7272727272727273
1845,"[50, 100, 200]",2,3,0.5,50,0.0
1846,"[50, 100, 200]",2,3,0.8,50,0.0
1847,"[50, 100, 200]",2,3,0.9,50,0.0
1848,"[10, 200, 50]",2,3,0.5,50,0.4444444444444445
1849,"[10, 200, 50]",2,3,0.8,50,0.4444444444444445
1850,"[10, 200, 50]",2,3,0.9,50,0.4444444444444445
1851,"[200, 100, 10]",2,3,0.5,50,0.7272727272727273
1852,"[200, 100, 10]",2,3,0.8,50,0.7272727272727273
1853,"[200, 100, 10]",2,3,0.9,50,0.7272727272727273
1854,"[10, 50, 200]",2,3,0.5,50,0.7272727272727273
1855,"[10, 50, 200]",2,3,0.8,50,0.7272727272727273
1856,"[10, 50, 200]",2,3,0.9,50,0.7272727272727273
1857,"[50, 100, 10]",2,3,0.5,50,0.7272727272727273
1858,"[50, 100, 10]",2,3,0.8,50,0.7272727272727273
1859,"[50, 100, 10]",2,3,0.9,50,0.0
1860,"[200, 50, 100]",2,3,0.5,50,0.7272727272727273
1861,"[200, 50, 100]",2,3,0.8,50,0.7272727272727273
1862,"[200, 50, 100]",2,3,0.9,50,0.7272727272727273
1863,"[50, 200, 100]",2,3,0.5,50,0.0
1864,"[50, 200, 100]",2,3,0.8,50,0.0
1865,"[50, 200, 100]",2,3,0.9,50,0.0
1866,"[10, 100, 200]",2,3,0.5,50,0.7272727272727273
1867,"[10, 100, 200]",2,3,0.8,50,0.7272727272727273
1868,"[10, 100, 200]",2,3,0.9,50,0.7272727272727273
1869,"[100, 50, 200]",2,3,0.5,50,0.0
1870,"[100, 50, 200]",2,3,0.8,50,0.0
1871,"[100, 50, 200]",2,3,0.9,50,0.0
1872,"[50, 10, 100, 200]",2,3,0.5,50,0.0
1873,"[50, 10, 100, 200]",2,3,0.8,50,0.0
1874,"[50, 10, 100, 200]",2,3,0.9,50,0.0
1875,"[200, 50, 10, 100]",2,3,0.5,50,0.7272727272727273
1876,"[200, 50, 10, 100]",2,3,0.8,50,0.5454545454545454
1877,"[200, 50, 10, 100]",2,3,0.9,50,0.5454545454545454
1878,"[10, 200, 100, 50]",2,3,0.5,50,0.0
1879,"[10, 200, 100, 50]",2,3,0.8,50,0.0
1880,"[10, 200, 100, 50]",2,3,0.9,50,0.0
1881,"[10, 50, 100, 200]",2,3,0.5,50,0.7272727272727273
1882,"[10, 50, 100, 200]",2,3,0.8,50,0.7272727272727273
1883,"[10, 50, 100, 200]",2,3,0.9,50,0.7272727272727273
1884,"[50, 100, 200, 10]",2,3,0.5,50,0.7272727272727273
1885,"[50, 100, 200, 10]",2,3,0.8,50,0.7272727272727273
1886,"[50, 100, 200, 10]",2,3,0.9,50,0.7272727272727273
1887,"[100, 10, 50, 200]",2,3,0.5,50,0.7272727272727273
1888,"[100, 10, 50, 200]",2,3,0.8,50,0.7272727272727273
1889,"[100, 10, 50, 200]",2,3,0.9,50,0.7272727272727273
1890,"[50, 10, 200, 100]",2,3,0.5,50,0.7272727272727273
1891,"[50, 10, 200, 100]",2,3,0.8,50,0.7272727272727273
1892,"[50, 10, 200, 100]",2,3,0.9,50,0.7272727272727273
1893,"[50, 100, 10, 200]",2,3,0.5,50,0.7272727272727273
1894,"[50, 100, 10, 200]",2,3,0.8,50,0.7272727272727273
1895,"[50, 100, 10, 200]",2,3,0.9,50,0.7272727272727273
1896,"[200, 100, 50, 10]",2,3,0.5,50,0.7272727272727273
1897,"[200, 100, 50, 10]",2,3,0.8,50,0.7272727272727273
1898,"[200, 100, 50, 10]",2,3,0.9,50,0.0
1899,"[100, 200, 10, 50]",2,3,0.5,50,0.7272727272727273
1900,"[100, 200, 10, 50]",2,3,0.8,50,0.7272727272727273
1901,"[100, 200, 10, 50]",2,3,0.9,50,0.7272727272727273
1902,"[100, 200, 50, 10]",2,3,0.5,50,0.7272727272727273
1903,"[100, 200, 50, 10]",2,3,0.8,50,0.7272727272727273
1904,"[100, 200, 50, 10]",2,3,0.9,50,0.7272727272727273
1905,"[200, 100, 10, 50]",2,3,0.5,50,0.7272727272727273
1906,"[200, 100, 10, 50]",2,3,0.8,50,0.7272727272727273
1907,"[200, 100, 10, 50]",2,3,0.9,50,0.0
1908,"[10, 50, 200, 100]",2,3,0.5,50,0.7272727272727273
1909,"[10, 50, 200, 100]",2,3,0.8,50,0.7272727272727273
1910,"[10, 50, 200, 100]",2,3,0.9,50,0.7272727272727273
1911,"[100, 10, 200, 50]",2,3,0.5,50,0.7272727272727273
1912,"[100, 10, 200, 50]",2,3,0.8,50,0.7272727272727273
1913,"[100, 10, 200, 50]",2,3,0.9,50,0.7272727272727273
1914,"[200, 10, 100, 50]",2,3,0.5,50,0.7272727272727273
1915,"[200, 10, 100, 50]",2,3,0.8,50,0.7272727272727273
1916,"[200, 10, 100, 50]",2,3,0.9,50,0.7272727272727273
1917,"[10, 200, 50, 100]",2,3,0.5,50,0.7272727272727273
1918,"[10, 200, 50, 100]",2,3,0.8,50,0.7272727272727273
1919,"[10, 200, 50, 100]",2,3,0.9,50,0.7272727272727273
1920,"[50, 200, 100, 10]",2,3,0.5,50,0.7272727272727273
1921,"[50, 200, 100, 10]",2,3,0.8,50,0.7272727272727273
1922,"[50, 200, 100, 10]",2,3,0.9,50,0.0
1923,"[100, 50, 200, 10]",2,3,0.5,50,0.7272727272727273
1924,"[100, 50, 200, 10]",2,3,0.8,50,0.7272727272727273
1925,"[100, 50, 200, 10]",2,3,0.9,50,0.7272727272727273
1926,"[100, 50, 10, 200]",2,3,0.5,50,0.7272727272727273
1927,"[100, 50, 10, 200]",2,3,0.8,50,0.7272727272727273
1928,"[100, 50, 10, 200]",2,3,0.9,50,0.7272727272727273
1929,"[200, 50, 100, 10]",2,3,0.5,50,0.7272727272727273
1930,"[200, 50, 100, 10]",2,3,0.8,50,0.7272727272727273
1931,"[200, 50, 100, 10]",2,3,0.9,50,0.0
1932,"[50, 200, 10, 100]",2,3,0.5,50,0.7272727272727273
1933,"[50, 200, 10, 100]",2,3,0.8,50,0.7272727272727273
1934,"[50, 200, 10, 100]",2,3,0.9,50,0.7272727272727273
1935,"[10, 100, 200, 50]",2,3,0.5,50,0.7272727272727273
1936,"[10, 100, 200, 50]",2,3,0.8,50,0.7272727272727273
1937,"[10, 100, 200, 50]",2,3,0.9,50,0.7272727272727273
1938,"[200, 10, 50, 100]",2,3,0.5,50,0.7272727272727273
1939,"[200, 10, 50, 100]",2,3,0.8,50,0.7272727272727273
1940,"[200, 10, 50, 100]",2,3,0.9,50,0.7272727272727273
1941,"[10, 100, 50, 200]",2,3,0.5,50,0.7272727272727273
1942,"[10, 100, 50, 200]",2,3,0.8,50,0.7272727272727273
1943,"[10, 100, 50, 200]",2,3,0.9,50,0.7272727272727273
